<?xml version="1.0" encoding="windows-1252"?>
<!DOCTYPE XMI SYSTEM "UML_EA.dtd">
<XMI xmi.version="1.1" xmlns:UML="omg.org/UML1.3" timestamp="2008-04-29 14:18:27">
	<XMI.header>
		<XMI.documentation>
			<XMI.exporter>Enterprise Architect</XMI.exporter>
			<XMI.exporterVersion>2.5</XMI.exporterVersion>
		</XMI.documentation>
	</XMI.header>
	<XMI.content>
		<UML:Model name="EA Model" xmi.id="MX_EAID_F55B1395_1D8C_4703_B13D_D15321CAF118">
			<UML:Namespace.ownedElement>
				<UML:Class name="EARootClass" xmi.id="EAID_11111111_5487_4080_A7F4_41526CB0AA00" isRoot="true" isLeaf="false" isAbstract="false"/>
				<UML:Package name="ISO 19128 Map Services" xmi.id="EAPK_F55B1395_1D8C_4703_B13D_D15321CAF118" isRoot="false" isLeaf="false" isAbstract="false" visibility="public">
					<UML:ModelElement.taggedValue>
						<UML:TaggedValue tag="parent" value="EAID_4AD11F0C_FC53_4cec_9F38_6C742C27E085"/>
						<UML:TaggedValue tag="iscontrolled" value="FALSE"/>
						<UML:TaggedValue tag="isprotected" value="FALSE"/>
						<UML:TaggedValue tag="usedtd" value="FALSE"/>
						<UML:TaggedValue tag="logxml" value="FALSE"/>
						<UML:TaggedValue tag="packageFlags" value="CRC=0;"/>
						<UML:TaggedValue tag="ea_stype" value="Public"/>
						<UML:TaggedValue tag="tpos" value="0"/>
						<UML:TaggedValue tag="gentype" value="Java"/>
					</UML:ModelElement.taggedValue>
					<UML:Namespace.ownedElement>
						<UML:Class name="MS_Viewer_Context" xmi.id="EAID_0BF03CB9_A035_4a6e_A945_5F58F6AE7E30" visibility="public" namespace="EAPK_F55B1395_1D8C_4703_B13D_D15321CAF118" isRoot="true" isLeaf="true" isAbstract="false" isActive="false">
							<UML:ModelElement.taggedValue>
								<UML:TaggedValue tag="isSpecification" value="false"/>
								<UML:TaggedValue tag="ea_stype" value="Class"/>
								<UML:TaggedValue tag="ea_ntype" value="0"/>
								<UML:TaggedValue tag="package" value="EAPK_F55B1395_1D8C_4703_B13D_D15321CAF118"/>
								<UML:TaggedValue tag="date_created" value="2008-04-10 12:16:04"/>
								<UML:TaggedValue tag="date_modified" value="2008-04-10 12:16:04"/>
								<UML:TaggedValue tag="tagged" value="0"/>
								<UML:TaggedValue tag="package_name" value="ISO 19128 Map Services"/>
								<UML:TaggedValue tag="persistence" value="Persistent"/>
								<UML:TaggedValue tag="tpos" value="0"/>
								<UML:TaggedValue tag="ea_localid" value="364"/>
								<UML:TaggedValue tag="ea_eleType" value="element"/>
								<UML:TaggedValue tag="style" value="BackColor=-1;BorderColor=-1;BorderWidth=-1;FontColor=-1;VSwimLanes=1;HSwimLanes=1;BorderStyle=0;"/>
								<UML:TaggedValue tag="$ea_xref_property" value="$XREFPROP=$XID={D0D2339D-0D21-4ada-AB52-D647C589EB12}$XID;$NAM=CustomProperties$NAM;$TYP=element property$TYP;$VIS=Public$VIS;$DES=@PROP=@NAME=isActive@ENDNAME;@TYPE=Boolean@ENDTYPE;@VALU=@ENDVALU;@PRMT=@ENDPRMT;@ENDPROP;$DES;$CLT={0BF03CB9-A035-4a6e-A945-5F58F6AE7E30}$CLT;$SUP=&lt;none&gt;$SUP;$ENDXREF;"/>
							</UML:ModelElement.taggedValue>
							<UML:Classifier.feature>
								<UML:Attribute name="version" changeable="none" visibility="public" ownerScope="instance" targetScope="instance">
									<UML:Attribute.initialValue>
										<UML:Expression body="0.1.4"/>
									</UML:Attribute.initialValue>
									<UML:StructuralFeature.type>
										<UML:Classifier xmi.idref="EAID_AF7C81A6_B1C1_4469_A09F_B97989024A14"/>
									</UML:StructuralFeature.type>
									<UML:ModelElement.taggedValue>
										<UML:TaggedValue tag="type" value="CharacterString"/>
										<UML:TaggedValue tag="length" value="0"/>
										<UML:TaggedValue tag="ordered" value="0"/>
										<UML:TaggedValue tag="precision" value="0"/>
										<UML:TaggedValue tag="scale" value="0"/>
										<UML:TaggedValue tag="collection" value="false"/>
										<UML:TaggedValue tag="position" value="0"/>
										<UML:TaggedValue tag="lowerBound" value="1"/>
										<UML:TaggedValue tag="upperBound" value="1"/>
										<UML:TaggedValue tag="ea_guid" value="{770D91C3-4B2C-4082-AB2B-52D73FF02D92}"/>
										<UML:TaggedValue tag="ea_localid" value="406"/>
									</UML:ModelElement.taggedValue>
								</UML:Attribute>
								<UML:Attribute name="layerList" changeable="none" visibility="public" ownerScope="instance" targetScope="instance">
									<UML:Attribute.initialValue>
										<UML:Expression/>
									</UML:Attribute.initialValue>
									<UML:StructuralFeature.type>
										<UML:Classifier xmi.idref="EAID_63A11281_A003_4314_A160_13BF20B3BCF0"/>
									</UML:StructuralFeature.type>
									<UML:ModelElement.taggedValue>
										<UML:TaggedValue tag="type" value="MS_LayerList"/>
										<UML:TaggedValue tag="length" value="0"/>
										<UML:TaggedValue tag="ordered" value="0"/>
										<UML:TaggedValue tag="precision" value="0"/>
										<UML:TaggedValue tag="scale" value="0"/>
										<UML:TaggedValue tag="collection" value="false"/>
										<UML:TaggedValue tag="position" value="1"/>
										<UML:TaggedValue tag="lowerBound" value="1"/>
										<UML:TaggedValue tag="upperBound" value="1"/>
										<UML:TaggedValue tag="ea_guid" value="{277CB609-8E01-4802-85A8-0722AA3120AE}"/>
										<UML:TaggedValue tag="ea_localid" value="407"/>
									</UML:ModelElement.taggedValue>
								</UML:Attribute>
								<UML:Attribute name="window" changeable="none" visibility="public" ownerScope="instance" targetScope="instance">
									<UML:Attribute.initialValue>
										<UML:Expression/>
									</UML:Attribute.initialValue>
									<UML:StructuralFeature.type>
										<UML:Classifier xmi.idref="EAID_7C921823_BDD3_4a48_BC1B_230BA3496730"/>
									</UML:StructuralFeature.type>
									<UML:ModelElement.taggedValue>
										<UML:TaggedValue tag="type" value="MS_Window"/>
										<UML:TaggedValue tag="length" value="0"/>
										<UML:TaggedValue tag="ordered" value="0"/>
										<UML:TaggedValue tag="precision" value="0"/>
										<UML:TaggedValue tag="scale" value="0"/>
										<UML:TaggedValue tag="collection" value="false"/>
										<UML:TaggedValue tag="position" value="2"/>
										<UML:TaggedValue tag="lowerBound" value="1"/>
										<UML:TaggedValue tag="upperBound" value="1"/>
										<UML:TaggedValue tag="ea_guid" value="{2438C1E9-446A-4790-A935-17A518C04DF2}"/>
										<UML:TaggedValue tag="ea_localid" value="408"/>
									</UML:ModelElement.taggedValue>
								</UML:Attribute>
								<UML:Attribute name="title" changeable="none" visibility="public" ownerScope="instance" targetScope="instance">
									<UML:Attribute.initialValue>
										<UML:Expression/>
									</UML:Attribute.initialValue>
									<UML:StructuralFeature.type>
										<UML:Classifier xmi.idref="EAID_F9A8DF87_06FF_42e4_B68B_D762EE667191"/>
									</UML:StructuralFeature.type>
									<UML:ModelElement.taggedValue>
										<UML:TaggedValue tag="type" value="MS_Title"/>
										<UML:TaggedValue tag="length" value="0"/>
										<UML:TaggedValue tag="ordered" value="0"/>
										<UML:TaggedValue tag="precision" value="0"/>
										<UML:TaggedValue tag="scale" value="0"/>
										<UML:TaggedValue tag="collection" value="false"/>
										<UML:TaggedValue tag="position" value="3"/>
										<UML:TaggedValue tag="lowerBound" value="1"/>
										<UML:TaggedValue tag="upperBound" value="1"/>
										<UML:TaggedValue tag="ea_guid" value="{EA4694A6-74A1-444d-A314-61FB169BAEB8}"/>
										<UML:TaggedValue tag="ea_localid" value="409"/>
									</UML:ModelElement.taggedValue>
								</UML:Attribute>
								<UML:Attribute name="abstract" changeable="none" visibility="public" ownerScope="instance" targetScope="instance">
									<UML:Attribute.initialValue>
										<UML:Expression/>
									</UML:Attribute.initialValue>
									<UML:StructuralFeature.type>
										<UML:Classifier xmi.idref="EAID_FBBA0D85_985B_4d4b_9EF7_EB297A558CC5"/>
									</UML:StructuralFeature.type>
									<UML:ModelElement.taggedValue>
										<UML:TaggedValue tag="type" value="MS_Abstract"/>
										<UML:TaggedValue tag="length" value="0"/>
										<UML:TaggedValue tag="ordered" value="0"/>
										<UML:TaggedValue tag="precision" value="0"/>
										<UML:TaggedValue tag="scale" value="0"/>
										<UML:TaggedValue tag="collection" value="false"/>
										<UML:TaggedValue tag="position" value="4"/>
										<UML:TaggedValue tag="lowerBound" value="1"/>
										<UML:TaggedValue tag="upperBound" value="1"/>
										<UML:TaggedValue tag="ea_guid" value="{DB376F09-BA4F-40ef-ACB8-35134862535F}"/>
										<UML:TaggedValue tag="ea_localid" value="410"/>
									</UML:ModelElement.taggedValue>
								</UML:Attribute>
								<UML:Attribute name="boundingBox" changeable="none" visibility="public" ownerScope="instance" targetScope="instance">
									<UML:Attribute.initialValue>
										<UML:Expression/>
									</UML:Attribute.initialValue>
									<UML:StructuralFeature.type>
										<UML:Classifier xmi.idref="EAID_028A2312_9F43_494c_8081_403D65D4B493"/>
									</UML:StructuralFeature.type>
									<UML:ModelElement.taggedValue>
										<UML:TaggedValue tag="type" value="EX_GeographicExtent"/>
										<UML:TaggedValue tag="length" value="0"/>
										<UML:TaggedValue tag="ordered" value="0"/>
										<UML:TaggedValue tag="precision" value="0"/>
										<UML:TaggedValue tag="scale" value="0"/>
										<UML:TaggedValue tag="collection" value="false"/>
										<UML:TaggedValue tag="position" value="5"/>
										<UML:TaggedValue tag="lowerBound" value="1"/>
										<UML:TaggedValue tag="upperBound" value="1"/>
										<UML:TaggedValue tag="ea_guid" value="{EE08E49A-71D2-4e3b-BC66-05709CCC2997}"/>
										<UML:TaggedValue tag="ea_localid" value="411"/>
									</UML:ModelElement.taggedValue>
								</UML:Attribute>
								<UML:Attribute name="keywords[0..1]" changeable="none" visibility="public" ownerScope="instance" targetScope="instance">
									<UML:Attribute.initialValue>
										<UML:Expression/>
									</UML:Attribute.initialValue>
									<UML:StructuralFeature.type>
										<UML:Classifier xmi.idref="EAID_8F5A93A7_1887_4662_969F_90B37EBF9B80"/>
									</UML:StructuralFeature.type>
									<UML:ModelElement.taggedValue>
										<UML:TaggedValue tag="type" value="MS_Keywords"/>
										<UML:TaggedValue tag="length" value="0"/>
										<UML:TaggedValue tag="ordered" value="0"/>
										<UML:TaggedValue tag="precision" value="0"/>
										<UML:TaggedValue tag="scale" value="0"/>
										<UML:TaggedValue tag="collection" value="false"/>
										<UML:TaggedValue tag="position" value="6"/>
										<UML:TaggedValue tag="lowerBound" value="1"/>
										<UML:TaggedValue tag="upperBound" value="1"/>
										<UML:TaggedValue tag="ea_guid" value="{26CC61EE-DF27-4c8c-A2B0-0E0BAF5BDE33}"/>
										<UML:TaggedValue tag="ea_localid" value="412"/>
									</UML:ModelElement.taggedValue>
								</UML:Attribute>
								<UML:Attribute name="contact" changeable="none" visibility="public" ownerScope="instance" targetScope="instance">
									<UML:Attribute.initialValue>
										<UML:Expression/>
									</UML:Attribute.initialValue>
									<UML:StructuralFeature.type>
										<UML:Classifier xmi.idref="EAID_AA30A841_75CB_4717_B1DD_AF093FACC787"/>
									</UML:StructuralFeature.type>
									<UML:ModelElement.taggedValue>
										<UML:TaggedValue tag="type" value="CI_Contact"/>
										<UML:TaggedValue tag="length" value="0"/>
										<UML:TaggedValue tag="ordered" value="0"/>
										<UML:TaggedValue tag="precision" value="0"/>
										<UML:TaggedValue tag="scale" value="0"/>
										<UML:TaggedValue tag="collection" value="false"/>
										<UML:TaggedValue tag="position" value="7"/>
										<UML:TaggedValue tag="lowerBound" value="1"/>
										<UML:TaggedValue tag="upperBound" value="1"/>
										<UML:TaggedValue tag="ea_guid" value="{A56770B6-E306-4004-9666-2C4D277B4E82}"/>
										<UML:TaggedValue tag="ea_localid" value="413"/>
									</UML:ModelElement.taggedValue>
								</UML:Attribute>
							</UML:Classifier.feature>
						</UML:Class>
						<UML:Class name="MS_Layer" xmi.id="EAID_523F98C9_CA26_4e7c_BD83_665257D461E1" visibility="public" namespace="EAPK_F55B1395_1D8C_4703_B13D_D15321CAF118" isRoot="true" isLeaf="true" isAbstract="false" isActive="false">
							<UML:ModelElement.taggedValue>
								<UML:TaggedValue tag="isSpecification" value="false"/>
								<UML:TaggedValue tag="ea_stype" value="Class"/>
								<UML:TaggedValue tag="ea_ntype" value="0"/>
								<UML:TaggedValue tag="package" value="EAPK_F55B1395_1D8C_4703_B13D_D15321CAF118"/>
								<UML:TaggedValue tag="date_created" value="2008-04-10 12:16:04"/>
								<UML:TaggedValue tag="date_modified" value="2008-04-10 12:16:04"/>
								<UML:TaggedValue tag="tagged" value="0"/>
								<UML:TaggedValue tag="package_name" value="ISO 19128 Map Services"/>
								<UML:TaggedValue tag="persistence" value="Persistent"/>
								<UML:TaggedValue tag="tpos" value="0"/>
								<UML:TaggedValue tag="ea_localid" value="363"/>
								<UML:TaggedValue tag="ea_eleType" value="element"/>
								<UML:TaggedValue tag="style" value="BackColor=-1;BorderColor=-1;BorderWidth=-1;FontColor=-1;VSwimLanes=1;HSwimLanes=1;BorderStyle=0;"/>
								<UML:TaggedValue tag="$ea_xref_property" value="$XREFPROP=$XID={A1159A35-D139-4190-BC2D-5C0EB010BE22}$XID;$NAM=CustomProperties$NAM;$TYP=element property$TYP;$VIS=Public$VIS;$DES=@PROP=@NAME=isActive@ENDNAME;@TYPE=Boolean@ENDTYPE;@VALU=@ENDVALU;@PRMT=@ENDPRMT;@ENDPROP;$DES;$CLT={523F98C9-CA26-4e7c-BD83-665257D461E1}$CLT;$SUP=&lt;none&gt;$SUP;$ENDXREF;"/>
							</UML:ModelElement.taggedValue>
						</UML:Class>
						<UML:Association xmi.id="EAID_99DBF59F_36F9_4d2f_A44B_6DE8052EB7F5" visibility="public" isRoot="false" isLeaf="false" isAbstract="false">
							<UML:ModelElement.taggedValue>
								<UML:TaggedValue tag="style" value="3"/>
								<UML:TaggedValue tag="ea_type" value="Association"/>
								<UML:TaggedValue tag="direction" value="Source -&gt; Destination"/>
								<UML:TaggedValue tag="linemode" value="3"/>
								<UML:TaggedValue tag="linecolor" value="0"/>
								<UML:TaggedValue tag="linewidth" value="0"/>
								<UML:TaggedValue tag="seqno" value="0"/>
								<UML:TaggedValue tag="headStyle" value="0"/>
								<UML:TaggedValue tag="lineStyle" value="0"/>
								<UML:TaggedValue tag="ea_localid" value="2384"/>
								<UML:TaggedValue tag="ea_sourceName" value="MS_LayerList"/>
								<UML:TaggedValue tag="ea_targetName" value="MS_Layer"/>
								<UML:TaggedValue tag="ea_sourceType" value="Class"/>
								<UML:TaggedValue tag="ea_targetType" value="Class"/>
								<UML:TaggedValue tag="ea_sourceID" value="362"/>
								<UML:TaggedValue tag="ea_targetID" value="363"/>
								<UML:TaggedValue tag="lb" value="0..*"/>
								<UML:TaggedValue tag="rb" value="1..*"/>
								<UML:TaggedValue tag="rt" value="+layer"/>
							</UML:ModelElement.taggedValue>
							<UML:Association.connection>
								<UML:AssociationEnd visibility="private" multiplicity="0..*" aggregation="shared" isOrdered="false" targetScope="instance" isNavigable="false" type="EAID_63A11281_A003_4314_A160_13BF20B3BCF0">
									<UML:ModelElement.taggedValue>
										<UML:TaggedValue tag="containment" value="Reference"/>
										<UML:TaggedValue tag="sourcestyle" value="Navigable=Unspecified;Owned=0;"/>
										<UML:TaggedValue tag="ea_end" value="source"/>
									</UML:ModelElement.taggedValue>
								</UML:AssociationEnd>
								<UML:AssociationEnd visibility="public" multiplicity="1..*" name="layer" aggregation="none" isOrdered="false" targetScope="instance" isNavigable="true" type="EAID_523F98C9_CA26_4e7c_BD83_665257D461E1">
									<UML:ModelElement.taggedValue>
										<UML:TaggedValue tag="deststyle" value="Navigable=Navigable;Owned=0;"/>
										<UML:TaggedValue tag="ea_end" value="target"/>
									</UML:ModelElement.taggedValue>
								</UML:AssociationEnd>
							</UML:Association.connection>
						</UML:Association>
						<UML:Class name="MS_LayerList" xmi.id="EAID_63A11281_A003_4314_A160_13BF20B3BCF0" visibility="public" namespace="EAPK_F55B1395_1D8C_4703_B13D_D15321CAF118" isRoot="true" isLeaf="true" isAbstract="false" isActive="false">
							<UML:ModelElement.taggedValue>
								<UML:TaggedValue tag="documentation" value="&lt;UsedBy&gt;&#xA;&lt;NameSpace&gt;ISO 19128 Web Map Services&lt;/NameSpace&gt;&#xA;&lt;Class&gt;MS_Viewer_Context&lt;/Class&gt;&#xA;&lt;Attribute&gt;layerList&lt;/Attribute&gt;&#xA;&lt;Type&gt;MS_LayerList&lt;/Type&gt;&#xA;&lt;UsedBy&gt;"/>
								<UML:TaggedValue tag="isSpecification" value="false"/>
								<UML:TaggedValue tag="ea_stype" value="Class"/>
								<UML:TaggedValue tag="ea_ntype" value="0"/>
								<UML:TaggedValue tag="package" value="EAPK_F55B1395_1D8C_4703_B13D_D15321CAF118"/>
								<UML:TaggedValue tag="date_created" value="2008-04-10 12:16:04"/>
								<UML:TaggedValue tag="date_modified" value="2008-04-10 12:16:04"/>
								<UML:TaggedValue tag="tagged" value="0"/>
								<UML:TaggedValue tag="package_name" value="ISO 19128 Map Services"/>
								<UML:TaggedValue tag="persistence" value="Persistent"/>
								<UML:TaggedValue tag="tpos" value="0"/>
								<UML:TaggedValue tag="ea_localid" value="362"/>
								<UML:TaggedValue tag="ea_eleType" value="element"/>
								<UML:TaggedValue tag="$ea_attsclassified" value="{277CB609-8E01-4802-85A8-0722AA3120AE}"/>
								<UML:TaggedValue tag="style" value="BackColor=-1;BorderColor=-1;BorderWidth=-1;FontColor=-1;VSwimLanes=1;HSwimLanes=1;BorderStyle=0;"/>
								<UML:TaggedValue tag="$ea_xref_property" value="$XREFPROP=$XID={E648D550-DF73-42b4-A75E-35517779807B}$XID;$NAM=CustomProperties$NAM;$TYP=element property$TYP;$VIS=Public$VIS;$DES=@PROP=@NAME=isActive@ENDNAME;@TYPE=Boolean@ENDTYPE;@VALU=@ENDVALU;@PRMT=@ENDPRMT;@ENDPROP;$DES;$CLT={63A11281-A003-4314-A160-13BF20B3BCF0}$CLT;$SUP=&lt;none&gt;$SUP;$ENDXREF;"/>
							</UML:ModelElement.taggedValue>
						</UML:Class>
						<UML:Class name="MS_Window" xmi.id="EAID_7C921823_BDD3_4a48_BC1B_230BA3496730" visibility="public" namespace="EAPK_F55B1395_1D8C_4703_B13D_D15321CAF118" isRoot="true" isLeaf="true" isAbstract="false" isActive="false">
							<UML:ModelElement.taggedValue>
								<UML:TaggedValue tag="documentation" value="&lt;UsedBy&gt;&#xA;&lt;NameSpace&gt;ISO 19128 Web Map Services&lt;/NameSpace&gt;&#xA;&lt;Class&gt;MS_Viewer_Context&lt;/Class&gt;&#xA;&lt;Attribute&gt;window&lt;/Attribute&gt;&#xA;&lt;Type&gt;MS_Window&lt;/Type&gt;&#xA;&lt;UsedBy&gt;"/>
								<UML:TaggedValue tag="isSpecification" value="false"/>
								<UML:TaggedValue tag="ea_stype" value="Class"/>
								<UML:TaggedValue tag="ea_ntype" value="0"/>
								<UML:TaggedValue tag="package" value="EAPK_F55B1395_1D8C_4703_B13D_D15321CAF118"/>
								<UML:TaggedValue tag="date_created" value="2008-04-10 12:16:04"/>
								<UML:TaggedValue tag="date_modified" value="2008-04-10 12:16:04"/>
								<UML:TaggedValue tag="tagged" value="0"/>
								<UML:TaggedValue tag="package_name" value="ISO 19128 Map Services"/>
								<UML:TaggedValue tag="persistence" value="Persistent"/>
								<UML:TaggedValue tag="tpos" value="0"/>
								<UML:TaggedValue tag="ea_localid" value="366"/>
								<UML:TaggedValue tag="ea_eleType" value="element"/>
								<UML:TaggedValue tag="$ea_attsclassified" value="{2438C1E9-446A-4790-A935-17A518C04DF2}"/>
								<UML:TaggedValue tag="style" value="BackColor=-1;BorderColor=-1;BorderWidth=-1;FontColor=-1;VSwimLanes=1;HSwimLanes=1;BorderStyle=0;"/>
								<UML:TaggedValue tag="$ea_xref_property" value="$XREFPROP=$XID={D3B9E3F9-AEC8-4044-8547-45C3C4161DED}$XID;$NAM=CustomProperties$NAM;$TYP=element property$TYP;$VIS=Public$VIS;$DES=@PROP=@NAME=isActive@ENDNAME;@TYPE=Boolean@ENDTYPE;@VALU=@ENDVALU;@PRMT=@ENDPRMT;@ENDPROP;$DES;$CLT={7C921823-BDD3-4a48-BC1B-230BA3496730}$CLT;$SUP=&lt;none&gt;$SUP;$ENDXREF;"/>
							</UML:ModelElement.taggedValue>
							<UML:Classifier.feature>
								<UML:Attribute name="width" changeable="none" visibility="public" ownerScope="instance" targetScope="instance">
									<UML:Attribute.initialValue>
										<UML:Expression/>
									</UML:Attribute.initialValue>
									<UML:StructuralFeature.type>
										<UML:Classifier xmi.idref="EAID_ED4B232F_5EF1_4793_9DAE_32DC0D70A047"/>
									</UML:StructuralFeature.type>
									<UML:ModelElement.taggedValue>
										<UML:TaggedValue tag="type" value="Integer"/>
										<UML:TaggedValue tag="length" value="0"/>
										<UML:TaggedValue tag="ordered" value="0"/>
										<UML:TaggedValue tag="precision" value="0"/>
										<UML:TaggedValue tag="scale" value="0"/>
										<UML:TaggedValue tag="collection" value="false"/>
										<UML:TaggedValue tag="position" value="0"/>
										<UML:TaggedValue tag="lowerBound" value="1"/>
										<UML:TaggedValue tag="upperBound" value="1"/>
										<UML:TaggedValue tag="ea_guid" value="{4601EA26-A3E9-42d0-971D-DE2A6E691EBD}"/>
										<UML:TaggedValue tag="ea_localid" value="415"/>
									</UML:ModelElement.taggedValue>
								</UML:Attribute>
								<UML:Attribute name="height" changeable="none" visibility="public" ownerScope="instance" targetScope="instance">
									<UML:Attribute.initialValue>
										<UML:Expression/>
									</UML:Attribute.initialValue>
									<UML:StructuralFeature.type>
										<UML:Classifier xmi.idref="EAID_ED4B232F_5EF1_4793_9DAE_32DC0D70A047"/>
									</UML:StructuralFeature.type>
									<UML:ModelElement.taggedValue>
										<UML:TaggedValue tag="type" value="Integer"/>
										<UML:TaggedValue tag="length" value="0"/>
										<UML:TaggedValue tag="ordered" value="0"/>
										<UML:TaggedValue tag="precision" value="0"/>
										<UML:TaggedValue tag="scale" value="0"/>
										<UML:TaggedValue tag="collection" value="false"/>
										<UML:TaggedValue tag="position" value="1"/>
										<UML:TaggedValue tag="lowerBound" value="1"/>
										<UML:TaggedValue tag="upperBound" value="1"/>
										<UML:TaggedValue tag="ea_guid" value="{4C55D9D0-0C32-49ce-BEBF-86847DA3EB23}"/>
										<UML:TaggedValue tag="ea_localid" value="416"/>
									</UML:ModelElement.taggedValue>
								</UML:Attribute>
							</UML:Classifier.feature>
						</UML:Class>
						<UML:Class name="MS_Keywords" xmi.id="EAID_8F5A93A7_1887_4662_969F_90B37EBF9B80" visibility="public" namespace="EAPK_F55B1395_1D8C_4703_B13D_D15321CAF118" isRoot="true" isLeaf="true" isAbstract="false" isActive="false">
							<UML:ModelElement.taggedValue>
								<UML:TaggedValue tag="documentation" value="&lt;UsedBy&gt;&#xA;&lt;NameSpace&gt;ISO 19128 Web Map Services&lt;/NameSpace&gt;&#xA;&lt;Class&gt;MS_Viewer_Context&lt;/Class&gt;&#xA;&lt;Attribute&gt;keywords[0..1]&lt;/Attribute&gt;&#xA;&lt;Type&gt;MS_Keywords&lt;/Type&gt;&#xA;&lt;UsedBy&gt;"/>
								<UML:TaggedValue tag="isSpecification" value="false"/>
								<UML:TaggedValue tag="ea_stype" value="Class"/>
								<UML:TaggedValue tag="ea_ntype" value="0"/>
								<UML:TaggedValue tag="package" value="EAPK_F55B1395_1D8C_4703_B13D_D15321CAF118"/>
								<UML:TaggedValue tag="date_created" value="2008-04-10 12:16:04"/>
								<UML:TaggedValue tag="date_modified" value="2008-04-10 12:16:04"/>
								<UML:TaggedValue tag="tagged" value="0"/>
								<UML:TaggedValue tag="package_name" value="ISO 19128 Map Services"/>
								<UML:TaggedValue tag="persistence" value="Persistent"/>
								<UML:TaggedValue tag="tpos" value="0"/>
								<UML:TaggedValue tag="ea_localid" value="365"/>
								<UML:TaggedValue tag="ea_eleType" value="element"/>
								<UML:TaggedValue tag="$ea_attsclassified" value="{26CC61EE-DF27-4c8c-A2B0-0E0BAF5BDE33}"/>
								<UML:TaggedValue tag="style" value="BackColor=-1;BorderColor=-1;BorderWidth=-1;FontColor=-1;VSwimLanes=1;HSwimLanes=1;BorderStyle=0;"/>
								<UML:TaggedValue tag="$ea_xref_property" value="$XREFPROP=$XID={F3489DCA-7894-4835-9C23-73DD0CFC035A}$XID;$NAM=CustomProperties$NAM;$TYP=element property$TYP;$VIS=Public$VIS;$DES=@PROP=@NAME=isActive@ENDNAME;@TYPE=Boolean@ENDTYPE;@VALU=@ENDVALU;@PRMT=@ENDPRMT;@ENDPROP;$DES;$CLT={8F5A93A7-1887-4662-969F-90B37EBF9B80}$CLT;$SUP=&lt;none&gt;$SUP;$ENDXREF;"/>
							</UML:ModelElement.taggedValue>
							<UML:Classifier.feature>
								<UML:Attribute name="word[0..*]" changeable="none" visibility="public" ownerScope="instance" targetScope="instance">
									<UML:Attribute.initialValue>
										<UML:Expression/>
									</UML:Attribute.initialValue>
									<UML:StructuralFeature.type>
										<UML:Classifier xmi.idref="EAID_AF7C81A6_B1C1_4469_A09F_B97989024A14"/>
									</UML:StructuralFeature.type>
									<UML:ModelElement.taggedValue>
										<UML:TaggedValue tag="type" value="CharacterString"/>
										<UML:TaggedValue tag="length" value="0"/>
										<UML:TaggedValue tag="ordered" value="0"/>
										<UML:TaggedValue tag="precision" value="0"/>
										<UML:TaggedValue tag="scale" value="0"/>
										<UML:TaggedValue tag="collection" value="false"/>
										<UML:TaggedValue tag="position" value="0"/>
										<UML:TaggedValue tag="lowerBound" value="1"/>
										<UML:TaggedValue tag="upperBound" value="1"/>
										<UML:TaggedValue tag="ea_guid" value="{50F65AC5-A39E-4566-8825-828B5050CD5E}"/>
										<UML:TaggedValue tag="ea_localid" value="414"/>
									</UML:ModelElement.taggedValue>
								</UML:Attribute>
							</UML:Classifier.feature>
						</UML:Class>
						<UML:Class name="MS_Title" xmi.id="EAID_F9A8DF87_06FF_42e4_B68B_D762EE667191" visibility="public" namespace="EAPK_F55B1395_1D8C_4703_B13D_D15321CAF118" isRoot="true" isLeaf="true" isAbstract="false" isActive="false">
							<UML:ModelElement.taggedValue>
								<UML:TaggedValue tag="documentation" value="&lt;UsedBy&gt;&#xA;&lt;NameSpace&gt;ISO 19128 Web Map Services&lt;/NameSpace&gt;&#xA;&lt;Class&gt;MS_Viewer_Context&lt;/Class&gt;&#xA;&lt;Attribute&gt;title&lt;/Attribute&gt;&#xA;&lt;Type&gt;MS_Title&lt;/Type&gt;&#xA;&lt;UsedBy&gt;"/>
								<UML:TaggedValue tag="isSpecification" value="false"/>
								<UML:TaggedValue tag="ea_stype" value="Class"/>
								<UML:TaggedValue tag="ea_ntype" value="0"/>
								<UML:TaggedValue tag="package" value="EAPK_F55B1395_1D8C_4703_B13D_D15321CAF118"/>
								<UML:TaggedValue tag="date_created" value="2008-04-10 12:16:04"/>
								<UML:TaggedValue tag="date_modified" value="2008-04-10 12:16:04"/>
								<UML:TaggedValue tag="tagged" value="0"/>
								<UML:TaggedValue tag="package_name" value="ISO 19128 Map Services"/>
								<UML:TaggedValue tag="persistence" value="Persistent"/>
								<UML:TaggedValue tag="tpos" value="0"/>
								<UML:TaggedValue tag="ea_localid" value="361"/>
								<UML:TaggedValue tag="ea_eleType" value="element"/>
								<UML:TaggedValue tag="$ea_attsclassified" value="{EA4694A6-74A1-444d-A314-61FB169BAEB8}"/>
								<UML:TaggedValue tag="style" value="BackColor=-1;BorderColor=-1;BorderWidth=-1;FontColor=-1;VSwimLanes=1;HSwimLanes=1;BorderStyle=0;"/>
								<UML:TaggedValue tag="$ea_xref_property" value="$XREFPROP=$XID={59010D35-7663-4c1b-ABDA-41E0CD0C53C6}$XID;$NAM=CustomProperties$NAM;$TYP=element property$TYP;$VIS=Public$VIS;$DES=@PROP=@NAME=isActive@ENDNAME;@TYPE=Boolean@ENDTYPE;@VALU=@ENDVALU;@PRMT=@ENDPRMT;@ENDPROP;$DES;$CLT={F9A8DF87-06FF-42e4-B68B-D762EE667191}$CLT;$SUP=&lt;none&gt;$SUP;$ENDXREF;"/>
							</UML:ModelElement.taggedValue>
						</UML:Class>
						<UML:Class name="MS_Abstract" xmi.id="EAID_FBBA0D85_985B_4d4b_9EF7_EB297A558CC5" visibility="public" namespace="EAPK_F55B1395_1D8C_4703_B13D_D15321CAF118" isRoot="true" isLeaf="true" isAbstract="false" isActive="false">
							<UML:ModelElement.taggedValue>
								<UML:TaggedValue tag="documentation" value="&lt;UsedBy&gt;&#xA;&lt;NameSpace&gt;ISO 19128 Web Map Services&lt;/NameSpace&gt;&#xA;&lt;Class&gt;MS_Viewer_Context&lt;/Class&gt;&#xA;&lt;Attribute&gt;abstract&lt;/Attribute&gt;&#xA;&lt;Type&gt;MS_Abstract&lt;/Type&gt;&#xA;&lt;UsedBy&gt;"/>
								<UML:TaggedValue tag="isSpecification" value="false"/>
								<UML:TaggedValue tag="ea_stype" value="Class"/>
								<UML:TaggedValue tag="ea_ntype" value="0"/>
								<UML:TaggedValue tag="package" value="EAPK_F55B1395_1D8C_4703_B13D_D15321CAF118"/>
								<UML:TaggedValue tag="date_created" value="2008-04-10 12:16:04"/>
								<UML:TaggedValue tag="date_modified" value="2008-04-10 12:16:04"/>
								<UML:TaggedValue tag="tagged" value="0"/>
								<UML:TaggedValue tag="package_name" value="ISO 19128 Map Services"/>
								<UML:TaggedValue tag="persistence" value="Persistent"/>
								<UML:TaggedValue tag="tpos" value="0"/>
								<UML:TaggedValue tag="ea_localid" value="360"/>
								<UML:TaggedValue tag="ea_eleType" value="element"/>
								<UML:TaggedValue tag="$ea_attsclassified" value="{DB376F09-BA4F-40ef-ACB8-35134862535F}"/>
								<UML:TaggedValue tag="style" value="BackColor=-1;BorderColor=-1;BorderWidth=-1;FontColor=-1;VSwimLanes=1;HSwimLanes=1;BorderStyle=0;"/>
								<UML:TaggedValue tag="$ea_xref_property" value="$XREFPROP=$XID={B0FE754A-824A-4191-A043-6E341C0B2954}$XID;$NAM=CustomProperties$NAM;$TYP=element property$TYP;$VIS=Public$VIS;$DES=@PROP=@NAME=isActive@ENDNAME;@TYPE=Boolean@ENDTYPE;@VALU=@ENDVALU;@PRMT=@ENDPRMT;@ENDPROP;$DES;$CLT={FBBA0D85-985B-4d4b-9EF7-EB297A558CC5}$CLT;$SUP=&lt;none&gt;$SUP;$ENDXREF;"/>
							</UML:ModelElement.taggedValue>
						</UML:Class>
						<UML:Dependency client="EAID_F55B1395_1D8C_4703_B13D_D15321CAF118" supplier="EAID_4440FD3D_67F1_404c_A6BE_B39E11014BF7" xmi.id="EAID_4C1DA9C2_F2A2_481a_8744_B15E33EBE1E8" visibility="public">
							<UML:ModelElement.taggedValue>
								<UML:TaggedValue tag="style" value="3"/>
								<UML:TaggedValue tag="ea_type" value="Dependency"/>
								<UML:TaggedValue tag="direction" value="Source -&gt; Destination"/>
								<UML:TaggedValue tag="linemode" value="3"/>
								<UML:TaggedValue tag="linecolor" value="0"/>
								<UML:TaggedValue tag="linewidth" value="0"/>
								<UML:TaggedValue tag="seqno" value="0"/>
								<UML:TaggedValue tag="headStyle" value="0"/>
								<UML:TaggedValue tag="lineStyle" value="0"/>
								<UML:TaggedValue tag="ea_localid" value="2382"/>
								<UML:TaggedValue tag="ea_sourceName" value="ISO 19128 Map Services"/>
								<UML:TaggedValue tag="ea_targetName" value="Extent information"/>
								<UML:TaggedValue tag="ea_sourceType" value="Package"/>
								<UML:TaggedValue tag="ea_targetType" value="Package"/>
								<UML:TaggedValue tag="ea_sourceID" value="359"/>
								<UML:TaggedValue tag="ea_targetID" value="951"/>
								<UML:TaggedValue tag="src_visibility" value="Public"/>
								<UML:TaggedValue tag="src_aggregation" value="0"/>
								<UML:TaggedValue tag="src_isOrdered" value="false"/>
								<UML:TaggedValue tag="src_isNavigable" value="false"/>
								<UML:TaggedValue tag="src_style" value="Owned=0;Navigable=Non-Navigable;"/>
								<UML:TaggedValue tag="dst_visibility" value="Public"/>
								<UML:TaggedValue tag="dst_aggregation" value="0"/>
								<UML:TaggedValue tag="dst_isOrdered" value="false"/>
								<UML:TaggedValue tag="dst_isNavigable" value="false"/>
								<UML:TaggedValue tag="dst_style" value="Owned=0;Navigable=Navigable;"/>
							</UML:ModelElement.taggedValue>
						</UML:Dependency>
						<UML:Dependency client="EAID_F55B1395_1D8C_4703_B13D_D15321CAF118" supplier="EAID_F09B6597_84BF_4038_A12D_46764435FDF9" xmi.id="EAID_5E5FB5C1_0C5B_4ee6_82FE_FC126CB36BFB" visibility="public">
							<UML:ModelElement.taggedValue>
								<UML:TaggedValue tag="style" value="3"/>
								<UML:TaggedValue tag="ea_type" value="Dependency"/>
								<UML:TaggedValue tag="direction" value="Source -&gt; Destination"/>
								<UML:TaggedValue tag="linemode" value="3"/>
								<UML:TaggedValue tag="linecolor" value="0"/>
								<UML:TaggedValue tag="linewidth" value="0"/>
								<UML:TaggedValue tag="seqno" value="0"/>
								<UML:TaggedValue tag="headStyle" value="0"/>
								<UML:TaggedValue tag="lineStyle" value="0"/>
								<UML:TaggedValue tag="ea_localid" value="2380"/>
								<UML:TaggedValue tag="ea_sourceName" value="ISO 19128 Map Services"/>
								<UML:TaggedValue tag="ea_targetName" value="Numerics"/>
								<UML:TaggedValue tag="ea_sourceType" value="Package"/>
								<UML:TaggedValue tag="ea_targetType" value="Package"/>
								<UML:TaggedValue tag="ea_sourceID" value="359"/>
								<UML:TaggedValue tag="ea_targetID" value="94"/>
								<UML:TaggedValue tag="src_visibility" value="Public"/>
								<UML:TaggedValue tag="src_aggregation" value="0"/>
								<UML:TaggedValue tag="src_isOrdered" value="false"/>
								<UML:TaggedValue tag="src_isNavigable" value="false"/>
								<UML:TaggedValue tag="src_style" value="Owned=0;Navigable=Non-Navigable;"/>
								<UML:TaggedValue tag="dst_visibility" value="Public"/>
								<UML:TaggedValue tag="dst_aggregation" value="0"/>
								<UML:TaggedValue tag="dst_isOrdered" value="false"/>
								<UML:TaggedValue tag="dst_isNavigable" value="false"/>
								<UML:TaggedValue tag="dst_style" value="Owned=0;Navigable=Navigable;"/>
							</UML:ModelElement.taggedValue>
						</UML:Dependency>
						<UML:Dependency client="EAID_F55B1395_1D8C_4703_B13D_D15321CAF118" supplier="EAID_4F253C10_AD55_4bce_9565_A989137F138B" xmi.id="EAID_8542B36D_40EE_4a8b_818A_81080C17CE6D" visibility="public">
							<UML:ModelElement.taggedValue>
								<UML:TaggedValue tag="style" value="3"/>
								<UML:TaggedValue tag="ea_type" value="Dependency"/>
								<UML:TaggedValue tag="direction" value="Source -&gt; Destination"/>
								<UML:TaggedValue tag="linemode" value="3"/>
								<UML:TaggedValue tag="linecolor" value="0"/>
								<UML:TaggedValue tag="linewidth" value="0"/>
								<UML:TaggedValue tag="seqno" value="0"/>
								<UML:TaggedValue tag="headStyle" value="0"/>
								<UML:TaggedValue tag="lineStyle" value="0"/>
								<UML:TaggedValue tag="ea_localid" value="2381"/>
								<UML:TaggedValue tag="ea_sourceName" value="ISO 19128 Map Services"/>
								<UML:TaggedValue tag="ea_targetName" value="Citation and responsible party information"/>
								<UML:TaggedValue tag="ea_sourceType" value="Package"/>
								<UML:TaggedValue tag="ea_targetType" value="Package"/>
								<UML:TaggedValue tag="ea_sourceID" value="359"/>
								<UML:TaggedValue tag="ea_targetID" value="961"/>
								<UML:TaggedValue tag="src_visibility" value="Public"/>
								<UML:TaggedValue tag="src_aggregation" value="0"/>
								<UML:TaggedValue tag="src_isOrdered" value="false"/>
								<UML:TaggedValue tag="src_isNavigable" value="false"/>
								<UML:TaggedValue tag="src_style" value="Owned=0;Navigable=Non-Navigable;"/>
								<UML:TaggedValue tag="dst_visibility" value="Public"/>
								<UML:TaggedValue tag="dst_aggregation" value="0"/>
								<UML:TaggedValue tag="dst_isOrdered" value="false"/>
								<UML:TaggedValue tag="dst_isNavigable" value="false"/>
								<UML:TaggedValue tag="dst_style" value="Owned=0;Navigable=Navigable;"/>
							</UML:ModelElement.taggedValue>
						</UML:Dependency>
						<UML:Dependency client="EAID_F55B1395_1D8C_4703_B13D_D15321CAF118" supplier="EAID_1ECA25EF_2DD3_4181_BA29_50C1A2B4B4BA" xmi.id="EAID_A52BCF08_C17C_495e_8F65_14EECDD336E0" visibility="public">
							<UML:ModelElement.taggedValue>
								<UML:TaggedValue tag="style" value="3"/>
								<UML:TaggedValue tag="ea_type" value="Dependency"/>
								<UML:TaggedValue tag="direction" value="Source -&gt; Destination"/>
								<UML:TaggedValue tag="linemode" value="3"/>
								<UML:TaggedValue tag="linecolor" value="0"/>
								<UML:TaggedValue tag="linewidth" value="0"/>
								<UML:TaggedValue tag="seqno" value="0"/>
								<UML:TaggedValue tag="headStyle" value="0"/>
								<UML:TaggedValue tag="lineStyle" value="0"/>
								<UML:TaggedValue tag="ea_localid" value="2379"/>
								<UML:TaggedValue tag="ea_sourceName" value="ISO 19128 Map Services"/>
								<UML:TaggedValue tag="ea_targetName" value="ISO 19103 Schema Language"/>
								<UML:TaggedValue tag="ea_sourceType" value="Package"/>
								<UML:TaggedValue tag="ea_targetType" value="Package"/>
								<UML:TaggedValue tag="ea_sourceID" value="359"/>
								<UML:TaggedValue tag="ea_targetID" value="1"/>
								<UML:TaggedValue tag="src_visibility" value="Public"/>
								<UML:TaggedValue tag="src_aggregation" value="0"/>
								<UML:TaggedValue tag="src_isOrdered" value="false"/>
								<UML:TaggedValue tag="src_isNavigable" value="false"/>
								<UML:TaggedValue tag="src_style" value="Owned=0;Navigable=Non-Navigable;"/>
								<UML:TaggedValue tag="dst_visibility" value="Public"/>
								<UML:TaggedValue tag="dst_aggregation" value="0"/>
								<UML:TaggedValue tag="dst_isOrdered" value="false"/>
								<UML:TaggedValue tag="dst_isNavigable" value="false"/>
								<UML:TaggedValue tag="dst_style" value="Owned=0;Navigable=Navigable;"/>
							</UML:ModelElement.taggedValue>
						</UML:Dependency>
						<UML:Dependency client="EAID_F55B1395_1D8C_4703_B13D_D15321CAF118" supplier="EAID_649102AB_914D_4e1a_9F7C_BD4919BF42FF" xmi.id="EAID_C4EEB033_8CD4_437f_AAB0_49AE57CFB28C" visibility="public">
							<UML:ModelElement.taggedValue>
								<UML:TaggedValue tag="style" value="3"/>
								<UML:TaggedValue tag="ea_type" value="Dependency"/>
								<UML:TaggedValue tag="direction" value="Source -&gt; Destination"/>
								<UML:TaggedValue tag="linemode" value="3"/>
								<UML:TaggedValue tag="linecolor" value="0"/>
								<UML:TaggedValue tag="linewidth" value="0"/>
								<UML:TaggedValue tag="seqno" value="0"/>
								<UML:TaggedValue tag="headStyle" value="0"/>
								<UML:TaggedValue tag="lineStyle" value="0"/>
								<UML:TaggedValue tag="ea_localid" value="2383"/>
								<UML:TaggedValue tag="ea_sourceName" value="ISO 19128 Map Services"/>
								<UML:TaggedValue tag="ea_targetName" value="Text"/>
								<UML:TaggedValue tag="ea_sourceType" value="Package"/>
								<UML:TaggedValue tag="ea_targetType" value="Package"/>
								<UML:TaggedValue tag="ea_sourceID" value="359"/>
								<UML:TaggedValue tag="ea_targetID" value="88"/>
								<UML:TaggedValue tag="src_visibility" value="Public"/>
								<UML:TaggedValue tag="src_aggregation" value="0"/>
								<UML:TaggedValue tag="src_isOrdered" value="false"/>
								<UML:TaggedValue tag="src_isNavigable" value="false"/>
								<UML:TaggedValue tag="src_style" value="Owned=0;Navigable=Non-Navigable;"/>
								<UML:TaggedValue tag="dst_visibility" value="Public"/>
								<UML:TaggedValue tag="dst_aggregation" value="0"/>
								<UML:TaggedValue tag="dst_isOrdered" value="false"/>
								<UML:TaggedValue tag="dst_isNavigable" value="false"/>
								<UML:TaggedValue tag="dst_style" value="Owned=0;Navigable=Navigable;"/>
							</UML:ModelElement.taggedValue>
						</UML:Dependency>
						<UML:Dependency client="EAID_F55B1395_1D8C_4703_B13D_D15321CAF118" supplier="EAID_ABB034A4_A9AC_44e9_9D50_6ED0D0F087E4" xmi.id="EAID_DF47D0EB_C1DA_4db7_874A_C8D270354C3F" visibility="public">
							<UML:ModelElement.taggedValue>
								<UML:TaggedValue tag="style" value="3"/>
								<UML:TaggedValue tag="ea_type" value="Dependency"/>
								<UML:TaggedValue tag="direction" value="Source -&gt; Destination"/>
								<UML:TaggedValue tag="linemode" value="3"/>
								<UML:TaggedValue tag="linecolor" value="0"/>
								<UML:TaggedValue tag="linewidth" value="0"/>
								<UML:TaggedValue tag="seqno" value="0"/>
								<UML:TaggedValue tag="headStyle" value="0"/>
								<UML:TaggedValue tag="lineStyle" value="0"/>
								<UML:TaggedValue tag="ea_localid" value="2378"/>
								<UML:TaggedValue tag="ea_sourceName" value="ISO 19128 Map Services"/>
								<UML:TaggedValue tag="ea_targetName" value="ISO 19115 Metadata"/>
								<UML:TaggedValue tag="ea_sourceType" value="Package"/>
								<UML:TaggedValue tag="ea_targetType" value="Package"/>
								<UML:TaggedValue tag="ea_sourceID" value="359"/>
								<UML:TaggedValue tag="ea_targetID" value="828"/>
								<UML:TaggedValue tag="src_visibility" value="Public"/>
								<UML:TaggedValue tag="src_aggregation" value="0"/>
								<UML:TaggedValue tag="src_isOrdered" value="false"/>
								<UML:TaggedValue tag="src_isNavigable" value="false"/>
								<UML:TaggedValue tag="src_style" value="Owned=0;Navigable=Non-Navigable;"/>
								<UML:TaggedValue tag="dst_visibility" value="Public"/>
								<UML:TaggedValue tag="dst_aggregation" value="0"/>
								<UML:TaggedValue tag="dst_isOrdered" value="false"/>
								<UML:TaggedValue tag="dst_isNavigable" value="false"/>
								<UML:TaggedValue tag="dst_style" value="Owned=0;Navigable=Navigable;"/>
							</UML:ModelElement.taggedValue>
						</UML:Dependency>
					</UML:Namespace.ownedElement>
				</UML:Package>
			</UML:Namespace.ownedElement>
		</UML:Model>
		<UML:TaggedValue tag="persistence" xmi.id="EAID_8DFECEFA_2A05_4782_966F_8D69425383A7" value="persistent" modelElement="EAID_0BF03CB9_A035_4a6e_A945_5F58F6AE7E30"/>
		<UML:TaggedValue tag="persistence" xmi.id="EAID_6DA1275A_1639_4bd7_A33D_C295F8960BBA" value="persistent" modelElement="EAID_523F98C9_CA26_4e7c_BD83_665257D461E1"/>
		<UML:TaggedValue tag="persistence" xmi.id="EAID_E4C1C207_A020_4c35_8511_F1AC50D899DD" value="persistent" modelElement="EAID_63A11281_A003_4314_A160_13BF20B3BCF0"/>
		<UML:TaggedValue tag="persistence" xmi.id="EAID_FE72A1FA_4575_4759_8BED_D16305A378E9" value="persistent" modelElement="EAID_7C921823_BDD3_4a48_BC1B_230BA3496730"/>
		<UML:TaggedValue tag="persistence" xmi.id="EAID_86A8F373_3219_455d_A1FA_F9F17888087F" value="persistent" modelElement="EAID_8F5A93A7_1887_4662_969F_90B37EBF9B80"/>
		<UML:TaggedValue tag="persistence" xmi.id="EAID_E013425B_5D21_411d_AAE0_FAE282A0BC4A" value="persistent" modelElement="EAID_F9A8DF87_06FF_42e4_B68B_D762EE667191"/>
		<UML:TaggedValue tag="persistence" xmi.id="EAID_741C3897_016A_4913_9A58_888F1B1DB862" value="persistent" modelElement="EAID_FBBA0D85_985B_4d4b_9EF7_EB297A558CC5"/>
		<UML:Diagram name="context014" xmi.id="EAID_07F4DB3F_465B_4ee3_8DBE_DA0E73399689" diagramType="ClassDiagram" owner="EAPK_F55B1395_1D8C_4703_B13D_D15321CAF118" toolName="Enterprise Architect 2.5">
			<UML:ModelElement.taggedValue>
				<UML:TaggedValue tag="author" value="jrherrin"/>
				<UML:TaggedValue tag="created_date" value="2008-04-10 12:16:53"/>
				<UML:TaggedValue tag="modified_date" value="2008-04-10 12:16:53"/>
				<UML:TaggedValue tag="package" value="EAPK_F55B1395_1D8C_4703_B13D_D15321CAF118"/>
				<UML:TaggedValue tag="type" value="Logical"/>
				<UML:TaggedValue tag="swimlanes" value="locked=false;orientation=0;width=0;inbar=false;names=false;color=0;bold=false;fcol=0;;cls=0;"/>
				<UML:TaggedValue tag="matrixitems" value="locked=false;matrixactive=false;swimlanesactive=true;width=1;"/>
				<UML:TaggedValue tag="ea_localid" value="542"/>
				<UML:TaggedValue tag="EAStyle" value="ShowPrivate=1;ShowProtected=1;ShowPublic=1;HideRelationships=0;Locked=0;Border=1;HighlightForeign=1;PackageContents=0;SequenceNotes=0;ScalePrintImage=1;PPgs.cx=0;PPgs.cy=0;DocSize.cx=1000;DocSize.cy=1000;ShowDetails=0;Orientation=P;Zoom=100;ShowTags=0;OpParams=1;VisibleAttributeDetail=0;ShowOpRetType=1;ShowIcons=1;CollabNums=1;HideProps=1;ShowReqs=0;ShowCons=0;PaperSize=1;HideParents=1;UseAlias=0;HideAtts=0;HideOps=0;HideStereo=0;HideElemStereo=0;ShowTests=0;ShowMaint=0;ConnectorNotation=UML 2.1;ExplicitNavigability=0;AdvancedElementProps=1;AdvancedFeatureProps=1;AdvancedConnectorProps=1;ShowNotes=0;SuppressBrackets=0;SuppConnectorLabels=0;PrintPageHeadFoot=0;ShowAsList=0;"/>
				<UML:TaggedValue tag="styleex" value="ExcludeRTF=0;DocAll=0;HideQuals=0;AttPkg=1;ShowTests=0;ShowMaint=0;SuppressFOC=0;MatrixActive=0;SwimlanesActive=1;MatrixLineWidth=1;MatrixLocked=0;TConnectorNotation=UML 2.1;TExplicitNavigability=0;AdvancedElementProps=1;AdvancedFeatureProps=1;AdvancedConnectorProps=1;ProfileData=;MDGDgm=;STBLDgm=;ShowNotes=0;VisibleAttributeDetail=0;ShowOpRetType=1;SuppressBrackets=0;SuppConnectorLabels=0;PrintPageHeadFoot=0;ShowAsList=0;"/>
			</UML:ModelElement.taggedValue>
			<UML:Diagram.element>
				<UML:DiagramElement geometry="Left=302;Top=23;Right=412;Bottom=59;" subject="EAID_63A11281_A003_4314_A160_13BF20B3BCF0" seqno="1" style="DUID=33C0E804;"/>
				<UML:DiagramElement geometry="Left=312;Top=160;Right=402;Bottom=196;" subject="EAID_523F98C9_CA26_4e7c_BD83_665257D461E1" seqno="2" style="DUID=0D2540AE;"/>
				<UML:DiagramElement geometry="Left=34;Top=237;Right=140;Bottom=273;" subject="EAID_7C921823_BDD3_4a48_BC1B_230BA3496730" seqno="3" style="DUID=351ED065;"/>
				<UML:DiagramElement geometry="Left=70;Top=66;Right=214;Bottom=102;" subject="EAID_0BF03CB9_A035_4a6e_A945_5F58F6AE7E30" seqno="4" style="DUID=72579833;"/>
				<UML:DiagramElement geometry="Left=160;Top=243;Right=242;Bottom=279;" subject="EAID_F9A8DF87_06FF_42e4_B68B_D762EE667191" seqno="5" style="DUID=E180190A;"/>
				<UML:DiagramElement geometry="Left=245;Top=237;Right=349;Bottom=273;" subject="EAID_FBBA0D85_985B_4d4b_9EF7_EB297A558CC5" seqno="6" style="DUID=5157C6E2;"/>
				<UML:DiagramElement geometry="Left=397;Top=243;Right=509;Bottom=279;" subject="EAID_8F5A93A7_1887_4662_969F_90B37EBF9B80" seqno="7" style="DUID=2F938ABA;"/>
				<UML:DiagramElement geometry=" 1248, 383, 54, 407,;Path=;" subject="EAID_99DBF59F_36F9_4d2f_A44B_6DE8052EB7F5" style="Association:Font.Blue= 0,Font.Green= 0,Font.Red= 0,Font.FaceName=Arial,Font.Size= 10,Font.Bold=0,Font.Italic=0,Font.Strikethrough=0,Font.Underline=0,LineColor.Blue= 0,LineColor.Green= 0,LineColor.Red= 0,;Hidden=0;"/>
			</UML:Diagram.element>
		</UML:Diagram>
		<UML:Diagram name="Context Diagram: MS_Abstract" xmi.id="EAID_9495CD63_0B0B_4e6c_9365_8DE62D2452C2" diagramType="ClassDiagram" owner="EAPK_F55B1395_1D8C_4703_B13D_D15321CAF118" toolName="Enterprise Architect 2.5">
			<UML:ModelElement.taggedValue>
				<UML:TaggedValue tag="author" value="jrherrin"/>
				<UML:TaggedValue tag="created_date" value="2008-04-10 12:16:53"/>
				<UML:TaggedValue tag="modified_date" value="2008-04-10 12:16:53"/>
				<UML:TaggedValue tag="package" value="EAPK_F55B1395_1D8C_4703_B13D_D15321CAF118"/>
				<UML:TaggedValue tag="type" value="Logical"/>
				<UML:TaggedValue tag="swimlanes" value="locked=false;orientation=0;width=0;inbar=false;names=false;color=0;bold=false;fcol=0;;cls=0;"/>
				<UML:TaggedValue tag="matrixitems" value="locked=false;matrixactive=false;swimlanesactive=true;width=1;"/>
				<UML:TaggedValue tag="ea_localid" value="543"/>
				<UML:TaggedValue tag="EAStyle" value="ShowPrivate=1;ShowProtected=1;ShowPublic=1;HideRelationships=0;Locked=0;Border=1;HighlightForeign=1;PackageContents=0;SequenceNotes=0;ScalePrintImage=1;PPgs.cx=0;PPgs.cy=0;DocSize.cx=1000;DocSize.cy=1000;ShowDetails=0;Orientation=P;Zoom=100;ShowTags=0;OpParams=1;VisibleAttributeDetail=0;ShowOpRetType=1;ShowIcons=1;CollabNums=1;HideProps=1;ShowReqs=0;ShowCons=0;PaperSize=1;HideParents=1;UseAlias=0;HideAtts=0;HideOps=0;HideStereo=0;HideElemStereo=0;ShowTests=0;ShowMaint=0;ConnectorNotation=UML 2.1;ExplicitNavigability=0;AdvancedElementProps=1;AdvancedFeatureProps=1;AdvancedConnectorProps=1;ShowNotes=0;SuppressBrackets=0;SuppConnectorLabels=0;PrintPageHeadFoot=0;ShowAsList=0;"/>
				<UML:TaggedValue tag="styleex" value="ExcludeRTF=0;DocAll=0;HideQuals=0;AttPkg=1;ShowTests=0;ShowMaint=0;SuppressFOC=0;MatrixActive=0;SwimlanesActive=1;MatrixLineWidth=1;MatrixLocked=0;TConnectorNotation=UML 2.1;TExplicitNavigability=0;AdvancedElementProps=1;AdvancedFeatureProps=1;AdvancedConnectorProps=1;ProfileData=;MDGDgm=;STBLDgm=;ShowNotes=0;VisibleAttributeDetail=0;ShowOpRetType=1;SuppressBrackets=0;SuppConnectorLabels=0;PrintPageHeadFoot=0;ShowAsList=0;"/>
			</UML:ModelElement.taggedValue>
			<UML:Diagram.element>
				<UML:DiagramElement geometry="Left=12;Top=34;Right=116;Bottom=70;" subject="EAID_FBBA0D85_985B_4d4b_9EF7_EB297A558CC5" seqno="1" style="DUID=A3FCE60A;"/>
			</UML:Diagram.element>
		</UML:Diagram>
		<UML:Diagram name="Context Diagram: MS_Title" xmi.id="EAID_73E66D6F_E17E_454a_8E01_7F47F0353680" diagramType="ClassDiagram" owner="EAPK_F55B1395_1D8C_4703_B13D_D15321CAF118" toolName="Enterprise Architect 2.5">
			<UML:ModelElement.taggedValue>
				<UML:TaggedValue tag="author" value="jrherrin"/>
				<UML:TaggedValue tag="created_date" value="2008-04-10 12:16:53"/>
				<UML:TaggedValue tag="modified_date" value="2008-04-10 12:16:53"/>
				<UML:TaggedValue tag="package" value="EAPK_F55B1395_1D8C_4703_B13D_D15321CAF118"/>
				<UML:TaggedValue tag="type" value="Logical"/>
				<UML:TaggedValue tag="swimlanes" value="locked=false;orientation=0;width=0;inbar=false;names=false;color=0;bold=false;fcol=0;;cls=0;"/>
				<UML:TaggedValue tag="matrixitems" value="locked=false;matrixactive=false;swimlanesactive=true;width=1;"/>
				<UML:TaggedValue tag="ea_localid" value="544"/>
				<UML:TaggedValue tag="EAStyle" value="ShowPrivate=1;ShowProtected=1;ShowPublic=1;HideRelationships=0;Locked=0;Border=1;HighlightForeign=1;PackageContents=0;SequenceNotes=0;ScalePrintImage=1;PPgs.cx=0;PPgs.cy=0;DocSize.cx=1000;DocSize.cy=1000;ShowDetails=0;Orientation=P;Zoom=100;ShowTags=0;OpParams=1;VisibleAttributeDetail=0;ShowOpRetType=1;ShowIcons=1;CollabNums=1;HideProps=1;ShowReqs=0;ShowCons=0;PaperSize=1;HideParents=1;UseAlias=0;HideAtts=0;HideOps=0;HideStereo=0;HideElemStereo=0;ShowTests=0;ShowMaint=0;ConnectorNotation=UML 2.1;ExplicitNavigability=0;AdvancedElementProps=1;AdvancedFeatureProps=1;AdvancedConnectorProps=1;ShowNotes=0;SuppressBrackets=0;SuppConnectorLabels=0;PrintPageHeadFoot=0;ShowAsList=0;"/>
				<UML:TaggedValue tag="styleex" value="ExcludeRTF=0;DocAll=0;HideQuals=0;AttPkg=1;ShowTests=0;ShowMaint=0;SuppressFOC=0;MatrixActive=0;SwimlanesActive=1;MatrixLineWidth=1;MatrixLocked=0;TConnectorNotation=UML 2.1;TExplicitNavigability=0;AdvancedElementProps=1;AdvancedFeatureProps=1;AdvancedConnectorProps=1;ProfileData=;MDGDgm=;STBLDgm=;ShowNotes=0;VisibleAttributeDetail=0;ShowOpRetType=1;SuppressBrackets=0;SuppConnectorLabels=0;PrintPageHeadFoot=0;ShowAsList=0;"/>
			</UML:ModelElement.taggedValue>
			<UML:Diagram.element>
				<UML:DiagramElement geometry="Left=10;Top=34;Right=92;Bottom=70;" subject="EAID_F9A8DF87_06FF_42e4_B68B_D762EE667191" seqno="1" style="DUID=D2229A70;"/>
			</UML:Diagram.element>
		</UML:Diagram>
		<UML:Diagram name="Context Diagram: MS_LayerList" xmi.id="EAID_5761A591_AC36_4073_AD33_BD84279D27DE" diagramType="ClassDiagram" owner="EAPK_F55B1395_1D8C_4703_B13D_D15321CAF118" toolName="Enterprise Architect 2.5">
			<UML:ModelElement.taggedValue>
				<UML:TaggedValue tag="author" value="jrherrin"/>
				<UML:TaggedValue tag="created_date" value="2008-04-10 12:16:53"/>
				<UML:TaggedValue tag="modified_date" value="2008-04-10 12:16:53"/>
				<UML:TaggedValue tag="package" value="EAPK_F55B1395_1D8C_4703_B13D_D15321CAF118"/>
				<UML:TaggedValue tag="type" value="Logical"/>
				<UML:TaggedValue tag="swimlanes" value="locked=false;orientation=0;width=0;inbar=false;names=false;color=0;bold=false;fcol=0;;cls=0;"/>
				<UML:TaggedValue tag="matrixitems" value="locked=false;matrixactive=false;swimlanesactive=true;width=1;"/>
				<UML:TaggedValue tag="ea_localid" value="545"/>
				<UML:TaggedValue tag="EAStyle" value="ShowPrivate=1;ShowProtected=1;ShowPublic=1;HideRelationships=0;Locked=0;Border=1;HighlightForeign=1;PackageContents=0;SequenceNotes=0;ScalePrintImage=1;PPgs.cx=0;PPgs.cy=0;DocSize.cx=1000;DocSize.cy=1000;ShowDetails=0;Orientation=P;Zoom=100;ShowTags=0;OpParams=1;VisibleAttributeDetail=0;ShowOpRetType=1;ShowIcons=1;CollabNums=1;HideProps=1;ShowReqs=0;ShowCons=0;PaperSize=1;HideParents=1;UseAlias=0;HideAtts=0;HideOps=0;HideStereo=0;HideElemStereo=0;ShowTests=0;ShowMaint=0;ConnectorNotation=UML 2.1;ExplicitNavigability=0;AdvancedElementProps=1;AdvancedFeatureProps=1;AdvancedConnectorProps=1;ShowNotes=0;SuppressBrackets=0;SuppConnectorLabels=0;PrintPageHeadFoot=0;ShowAsList=0;"/>
				<UML:TaggedValue tag="styleex" value="ExcludeRTF=0;DocAll=0;HideQuals=0;AttPkg=1;ShowTests=0;ShowMaint=0;SuppressFOC=0;MatrixActive=0;SwimlanesActive=1;MatrixLineWidth=1;MatrixLocked=0;TConnectorNotation=UML 2.1;TExplicitNavigability=0;AdvancedElementProps=1;AdvancedFeatureProps=1;AdvancedConnectorProps=1;ProfileData=;MDGDgm=;STBLDgm=;ShowNotes=0;VisibleAttributeDetail=0;ShowOpRetType=1;SuppressBrackets=0;SuppConnectorLabels=0;PrintPageHeadFoot=0;ShowAsList=0;"/>
			</UML:ModelElement.taggedValue>
			<UML:Diagram.element>
				<UML:DiagramElement geometry="Left=12;Top=34;Right=122;Bottom=70;" subject="EAID_63A11281_A003_4314_A160_13BF20B3BCF0" seqno="1" style="DUID=26AE068E;"/>
				<UML:DiagramElement geometry="Left=22;Top=119;Right=112;Bottom=141;" subject="EAID_523F98C9_CA26_4e7c_BD83_665257D461E1" seqno="2" style="DUID=EBD19C2E;"/>
				<UML:DiagramElement geometry=" 235, 331, 54, 226,;Path=;" subject="EAID_99DBF59F_36F9_4d2f_A44B_6DE8052EB7F5" style="Association:Font.Blue= 0,Font.Green= 0,Font.Red= 0,Font.FaceName=Arial,Font.Size= 10,Font.Bold=0,Font.Italic=0,Font.Strikethrough=0,Font.Underline=0,LineColor.Blue= 0,LineColor.Green= 0,LineColor.Red= 0,;Hidden=0;"/>
			</UML:Diagram.element>
		</UML:Diagram>
		<UML:Diagram name="Context Diagram: MS_Layer" xmi.id="EAID_2358B0F9_8873_4a72_8C7A_E438108EA0AF" diagramType="ClassDiagram" owner="EAPK_F55B1395_1D8C_4703_B13D_D15321CAF118" toolName="Enterprise Architect 2.5">
			<UML:ModelElement.taggedValue>
				<UML:TaggedValue tag="author" value="jrherrin"/>
				<UML:TaggedValue tag="created_date" value="2008-04-10 12:16:53"/>
				<UML:TaggedValue tag="modified_date" value="2008-04-10 12:16:53"/>
				<UML:TaggedValue tag="package" value="EAPK_F55B1395_1D8C_4703_B13D_D15321CAF118"/>
				<UML:TaggedValue tag="type" value="Logical"/>
				<UML:TaggedValue tag="swimlanes" value="locked=false;orientation=0;width=0;inbar=false;names=false;color=0;bold=false;fcol=0;;cls=0;"/>
				<UML:TaggedValue tag="matrixitems" value="locked=false;matrixactive=false;swimlanesactive=true;width=1;"/>
				<UML:TaggedValue tag="ea_localid" value="546"/>
				<UML:TaggedValue tag="EAStyle" value="ShowPrivate=1;ShowProtected=1;ShowPublic=1;HideRelationships=0;Locked=0;Border=1;HighlightForeign=1;PackageContents=0;SequenceNotes=0;ScalePrintImage=1;PPgs.cx=0;PPgs.cy=0;DocSize.cx=1000;DocSize.cy=1000;ShowDetails=0;Orientation=P;Zoom=100;ShowTags=0;OpParams=1;VisibleAttributeDetail=0;ShowOpRetType=1;ShowIcons=1;CollabNums=1;HideProps=1;ShowReqs=0;ShowCons=0;PaperSize=1;HideParents=1;UseAlias=0;HideAtts=0;HideOps=0;HideStereo=0;HideElemStereo=0;ShowTests=0;ShowMaint=0;ConnectorNotation=UML 2.1;ExplicitNavigability=0;AdvancedElementProps=1;AdvancedFeatureProps=1;AdvancedConnectorProps=1;ShowNotes=0;SuppressBrackets=0;SuppConnectorLabels=0;PrintPageHeadFoot=0;ShowAsList=0;"/>
				<UML:TaggedValue tag="styleex" value="ExcludeRTF=0;DocAll=0;HideQuals=0;AttPkg=1;ShowTests=0;ShowMaint=0;SuppressFOC=0;MatrixActive=0;SwimlanesActive=1;MatrixLineWidth=1;MatrixLocked=0;TConnectorNotation=UML 2.1;TExplicitNavigability=0;AdvancedElementProps=1;AdvancedFeatureProps=1;AdvancedConnectorProps=1;ProfileData=;MDGDgm=;STBLDgm=;ShowNotes=0;VisibleAttributeDetail=0;ShowOpRetType=1;SuppressBrackets=0;SuppConnectorLabels=0;PrintPageHeadFoot=0;ShowAsList=0;"/>
			</UML:ModelElement.taggedValue>
			<UML:Diagram.element>
				<UML:DiagramElement geometry="Left=11;Top=34;Right=105;Bottom=70;" subject="EAID_523F98C9_CA26_4e7c_BD83_665257D461E1" seqno="1" style="DUID=8FFB55A4;"/>
			</UML:Diagram.element>
		</UML:Diagram>
		<UML:Diagram name="Context Diagram: MS_Viewer_Context" xmi.id="EAID_96308E10_B3B6_4b73_AEBE_78C1C5149853" diagramType="ClassDiagram" owner="EAPK_F55B1395_1D8C_4703_B13D_D15321CAF118" toolName="Enterprise Architect 2.5">
			<UML:ModelElement.taggedValue>
				<UML:TaggedValue tag="author" value="jrherrin"/>
				<UML:TaggedValue tag="created_date" value="2008-04-10 12:16:53"/>
				<UML:TaggedValue tag="modified_date" value="2008-04-10 12:16:53"/>
				<UML:TaggedValue tag="package" value="EAPK_F55B1395_1D8C_4703_B13D_D15321CAF118"/>
				<UML:TaggedValue tag="type" value="Logical"/>
				<UML:TaggedValue tag="swimlanes" value="locked=false;orientation=0;width=0;inbar=false;names=false;color=0;bold=false;fcol=0;;cls=0;"/>
				<UML:TaggedValue tag="matrixitems" value="locked=false;matrixactive=false;swimlanesactive=true;width=1;"/>
				<UML:TaggedValue tag="ea_localid" value="547"/>
				<UML:TaggedValue tag="EAStyle" value="ShowPrivate=1;ShowProtected=1;ShowPublic=1;HideRelationships=0;Locked=0;Border=1;HighlightForeign=1;PackageContents=0;SequenceNotes=0;ScalePrintImage=1;PPgs.cx=0;PPgs.cy=0;DocSize.cx=1000;DocSize.cy=1000;ShowDetails=0;Orientation=P;Zoom=100;ShowTags=0;OpParams=1;VisibleAttributeDetail=0;ShowOpRetType=1;ShowIcons=1;CollabNums=1;HideProps=1;ShowReqs=0;ShowCons=0;PaperSize=1;HideParents=1;UseAlias=0;HideAtts=0;HideOps=0;HideStereo=0;HideElemStereo=0;ShowTests=0;ShowMaint=0;ConnectorNotation=UML 2.1;ExplicitNavigability=0;AdvancedElementProps=1;AdvancedFeatureProps=1;AdvancedConnectorProps=1;ShowNotes=0;SuppressBrackets=0;SuppConnectorLabels=0;PrintPageHeadFoot=0;ShowAsList=0;"/>
				<UML:TaggedValue tag="styleex" value="ExcludeRTF=0;DocAll=0;HideQuals=0;AttPkg=1;ShowTests=0;ShowMaint=0;SuppressFOC=0;MatrixActive=0;SwimlanesActive=1;MatrixLineWidth=1;MatrixLocked=0;TConnectorNotation=UML 2.1;TExplicitNavigability=0;AdvancedElementProps=1;AdvancedFeatureProps=1;AdvancedConnectorProps=1;ProfileData=;MDGDgm=;STBLDgm=;ShowNotes=0;VisibleAttributeDetail=0;ShowOpRetType=1;SuppressBrackets=0;SuppConnectorLabels=0;PrintPageHeadFoot=0;ShowAsList=0;"/>
			</UML:ModelElement.taggedValue>
			<UML:Diagram.element>
				<UML:DiagramElement geometry="Left=29;Top=47;Right=149;Bottom=77;" subject="EAID_0BF03CB9_A035_4a6e_A945_5F58F6AE7E30" seqno="1" style="DUID=6D312311;"/>
				<UML:DiagramElement geometry="Left=210;Top=37;Right=304;Bottom=87;" subject="EAID_AF7C81A6_B1C1_4469_A09F_B97989024A14" seqno="2" style="DUID=E1296E75;"/>
				<UML:DiagramElement geometry="Left=391;Top=47;Right=477;Bottom=77;" subject="EAID_63A11281_A003_4314_A160_13BF20B3BCF0" seqno="3" style="DUID=300877A1;"/>
				<UML:DiagramElement geometry="Left=561;Top=47;Right=643;Bottom=77;" subject="EAID_7C921823_BDD3_4a48_BC1B_230BA3496730" seqno="4" style="DUID=021887CE;"/>
				<UML:DiagramElement geometry="Left=706;Top=47;Right=764;Bottom=77;" subject="EAID_F9A8DF87_06FF_42e4_B68B_D762EE667191" seqno="5" style="DUID=DFC79B09;"/>
				<UML:DiagramElement geometry="Left=819;Top=47;Right=899;Bottom=77;" subject="EAID_FBBA0D85_985B_4d4b_9EF7_EB297A558CC5" seqno="6" style="DUID=2E3C78E8;"/>
				<UML:DiagramElement geometry="Left=963;Top=37;Right=1091;Bottom=87;" subject="EAID_028A2312_9F43_494c_8081_403D65D4B493" seqno="7" style="DUID=20AEFF31;"/>
				<UML:DiagramElement geometry="Left=1161;Top=47;Right=1249;Bottom=77;" subject="EAID_8F5A93A7_1887_4662_969F_90B37EBF9B80" seqno="8" style="DUID=267FF416;"/>
				<UML:DiagramElement geometry="Left=1269;Top=37;Right=1477;Bottom=87;" subject="EAID_AA30A841_75CB_4717_B1DD_AF093FACC787" seqno="9" style="DUID=A1CCBE95;"/>
			</UML:Diagram.element>
		</UML:Diagram>
		<UML:Diagram name="Context Diagram: MS_Keywords" xmi.id="EAID_4B5AFF7D_7F1C_4e67_8F0B_E855A696E819" diagramType="ClassDiagram" owner="EAPK_F55B1395_1D8C_4703_B13D_D15321CAF118" toolName="Enterprise Architect 2.5">
			<UML:ModelElement.taggedValue>
				<UML:TaggedValue tag="author" value="jrherrin"/>
				<UML:TaggedValue tag="created_date" value="2008-04-10 12:16:53"/>
				<UML:TaggedValue tag="modified_date" value="2008-04-10 12:16:53"/>
				<UML:TaggedValue tag="package" value="EAPK_F55B1395_1D8C_4703_B13D_D15321CAF118"/>
				<UML:TaggedValue tag="type" value="Logical"/>
				<UML:TaggedValue tag="swimlanes" value="locked=false;orientation=0;width=0;inbar=false;names=false;color=0;bold=false;fcol=0;;cls=0;"/>
				<UML:TaggedValue tag="matrixitems" value="locked=false;matrixactive=false;swimlanesactive=true;width=1;"/>
				<UML:TaggedValue tag="ea_localid" value="548"/>
				<UML:TaggedValue tag="EAStyle" value="ShowPrivate=1;ShowProtected=1;ShowPublic=1;HideRelationships=0;Locked=0;Border=1;HighlightForeign=1;PackageContents=0;SequenceNotes=0;ScalePrintImage=1;PPgs.cx=0;PPgs.cy=0;DocSize.cx=1000;DocSize.cy=1000;ShowDetails=0;Orientation=P;Zoom=100;ShowTags=0;OpParams=1;VisibleAttributeDetail=0;ShowOpRetType=1;ShowIcons=1;CollabNums=1;HideProps=1;ShowReqs=0;ShowCons=0;PaperSize=1;HideParents=1;UseAlias=0;HideAtts=0;HideOps=0;HideStereo=0;HideElemStereo=0;ShowTests=0;ShowMaint=0;ConnectorNotation=UML 2.1;ExplicitNavigability=0;AdvancedElementProps=1;AdvancedFeatureProps=1;AdvancedConnectorProps=1;ShowNotes=0;SuppressBrackets=0;SuppConnectorLabels=0;PrintPageHeadFoot=0;ShowAsList=0;"/>
				<UML:TaggedValue tag="styleex" value="ExcludeRTF=0;DocAll=0;HideQuals=0;AttPkg=1;ShowTests=0;ShowMaint=0;SuppressFOC=0;MatrixActive=0;SwimlanesActive=1;MatrixLineWidth=1;MatrixLocked=0;TConnectorNotation=UML 2.1;TExplicitNavigability=0;AdvancedElementProps=1;AdvancedFeatureProps=1;AdvancedConnectorProps=1;ProfileData=;MDGDgm=;STBLDgm=;ShowNotes=0;VisibleAttributeDetail=0;ShowOpRetType=1;SuppressBrackets=0;SuppConnectorLabels=0;PrintPageHeadFoot=0;ShowAsList=0;"/>
			</UML:ModelElement.taggedValue>
			<UML:Diagram.element>
				<UML:DiagramElement geometry="Left=13;Top=42;Right=125;Bottom=78;" subject="EAID_8F5A93A7_1887_4662_969F_90B37EBF9B80" seqno="1" style="DUID=EABFC614;"/>
				<UML:DiagramElement geometry="Left=174;Top=41;Right=308;Bottom=79;" subject="EAID_AF7C81A6_B1C1_4469_A09F_B97989024A14" seqno="2" style="DUID=93408A33;"/>
			</UML:Diagram.element>
		</UML:Diagram>
		<UML:Diagram name="Context Diagram: MS_Window" xmi.id="EAID_D4186187_D849_48e4_8973_D7A9D9BF7620" diagramType="ClassDiagram" owner="EAPK_F55B1395_1D8C_4703_B13D_D15321CAF118" toolName="Enterprise Architect 2.5">
			<UML:ModelElement.taggedValue>
				<UML:TaggedValue tag="author" value="jrherrin"/>
				<UML:TaggedValue tag="created_date" value="2008-04-10 12:16:53"/>
				<UML:TaggedValue tag="modified_date" value="2008-04-10 12:16:53"/>
				<UML:TaggedValue tag="package" value="EAPK_F55B1395_1D8C_4703_B13D_D15321CAF118"/>
				<UML:TaggedValue tag="type" value="Logical"/>
				<UML:TaggedValue tag="swimlanes" value="locked=false;orientation=0;width=0;inbar=false;names=false;color=0;bold=false;fcol=0;;cls=0;"/>
				<UML:TaggedValue tag="matrixitems" value="locked=false;matrixactive=false;swimlanesactive=true;width=1;"/>
				<UML:TaggedValue tag="ea_localid" value="549"/>
				<UML:TaggedValue tag="EAStyle" value="ShowPrivate=1;ShowProtected=1;ShowPublic=1;HideRelationships=0;Locked=0;Border=1;HighlightForeign=1;PackageContents=0;SequenceNotes=0;ScalePrintImage=1;PPgs.cx=0;PPgs.cy=0;DocSize.cx=1000;DocSize.cy=1000;ShowDetails=0;Orientation=P;Zoom=100;ShowTags=0;OpParams=1;VisibleAttributeDetail=0;ShowOpRetType=1;ShowIcons=1;CollabNums=1;HideProps=1;ShowReqs=0;ShowCons=0;PaperSize=1;HideParents=1;UseAlias=0;HideAtts=0;HideOps=0;HideStereo=0;HideElemStereo=0;ShowTests=0;ShowMaint=0;ConnectorNotation=UML 2.1;ExplicitNavigability=0;AdvancedElementProps=1;AdvancedFeatureProps=1;AdvancedConnectorProps=1;ShowNotes=0;SuppressBrackets=0;SuppConnectorLabels=0;PrintPageHeadFoot=0;ShowAsList=0;"/>
				<UML:TaggedValue tag="styleex" value="ExcludeRTF=0;DocAll=0;HideQuals=0;AttPkg=1;ShowTests=0;ShowMaint=0;SuppressFOC=0;MatrixActive=0;SwimlanesActive=1;MatrixLineWidth=1;MatrixLocked=0;TConnectorNotation=UML 2.1;TExplicitNavigability=0;AdvancedElementProps=1;AdvancedFeatureProps=1;AdvancedConnectorProps=1;ProfileData=;MDGDgm=;STBLDgm=;ShowNotes=0;VisibleAttributeDetail=0;ShowOpRetType=1;SuppressBrackets=0;SuppConnectorLabels=0;PrintPageHeadFoot=0;ShowAsList=0;"/>
			</UML:ModelElement.taggedValue>
			<UML:Diagram.element>
				<UML:DiagramElement geometry="Left=12;Top=42;Right=118;Bottom=78;" subject="EAID_7C921823_BDD3_4a48_BC1B_230BA3496730" seqno="1" style="DUID=DBD85B22;"/>
				<UML:DiagramElement geometry="Left=184;Top=41;Right=288;Bottom=79;" subject="EAID_ED4B232F_5EF1_4793_9DAE_32DC0D70A047" seqno="2" style="DUID=5CB96695;"/>
			</UML:Diagram.element>
		</UML:Diagram>
		<UML:DiagramElement geometry=" 6906, 459, 4291, 415," subject="EAID_4C1DA9C2_F2A2_481a_8744_B15E33EBE1E8" style="CategoryDependency">
			<UML:ModelElement.taggedValue>
				<UML:TaggedValue tag="diagram_guid" value="EAID_7456B59A_DEEA_492b_A671_78030BDFD9FA"/>
				<UML:TaggedValue tag="hidden" value="0"/>
			</UML:ModelElement.taggedValue>
		</UML:DiagramElement>
		<UML:DiagramElement geometry=" 1092, 462, 619, 295," subject="EAID_4C1DA9C2_F2A2_481a_8744_B15E33EBE1E8" style="CategoryDependency">
			<UML:ModelElement.taggedValue>
				<UML:TaggedValue tag="diagram_guid" value="EAID_BBB0E28E_9B6E_442f_9AC7_EE9466990493"/>
				<UML:TaggedValue tag="hidden" value="0"/>
			</UML:ModelElement.taggedValue>
		</UML:DiagramElement>
		<UML:DiagramElement geometry=" " subject="EAID_4C1DA9C2_F2A2_481a_8744_B15E33EBE1E8" style="Mode=3;">
			<UML:ModelElement.taggedValue>
				<UML:TaggedValue tag="diagram_guid" value="EAID_4EDB7D61_05C1_401d_B33F_8CDF8E987DE9"/>
				<UML:TaggedValue tag="hidden" value="255"/>
			</UML:ModelElement.taggedValue>
		</UML:DiagramElement>
		<UML:DiagramElement geometry=" " subject="EAID_4C1DA9C2_F2A2_481a_8744_B15E33EBE1E8" style="Mode=3;">
			<UML:ModelElement.taggedValue>
				<UML:TaggedValue tag="diagram_guid" value="EAID_F88A9227_98D6_493d_B3B7_0221AAAB9AFF"/>
				<UML:TaggedValue tag="hidden" value="255"/>
			</UML:ModelElement.taggedValue>
		</UML:DiagramElement>
		<UML:DiagramElement geometry=" " subject="EAID_5E5FB5C1_0C5B_4ee6_82FE_FC126CB36BFB" style="Mode=3;">
			<UML:ModelElement.taggedValue>
				<UML:TaggedValue tag="diagram_guid" value="EAID_F88A9227_98D6_493d_B3B7_0221AAAB9AFF"/>
				<UML:TaggedValue tag="hidden" value="255"/>
			</UML:ModelElement.taggedValue>
		</UML:DiagramElement>
		<UML:DiagramElement geometry=" 15750, 482, 7603, 439," subject="EAID_5E5FB5C1_0C5B_4ee6_82FE_FC126CB36BFB" style="CategoryDependency">
			<UML:ModelElement.taggedValue>
				<UML:TaggedValue tag="diagram_guid" value="EAID_4EDB7D61_05C1_401d_B33F_8CDF8E987DE9"/>
				<UML:TaggedValue tag="hidden" value="0"/>
			</UML:ModelElement.taggedValue>
		</UML:DiagramElement>
		<UML:DiagramElement geometry=" 1687, 428, 169, 202," subject="EAID_5E5FB5C1_0C5B_4ee6_82FE_FC126CB36BFB" style="CategoryDependency">
			<UML:ModelElement.taggedValue>
				<UML:TaggedValue tag="diagram_guid" value="EAID_BBB0E28E_9B6E_442f_9AC7_EE9466990493"/>
				<UML:TaggedValue tag="hidden" value="0"/>
			</UML:ModelElement.taggedValue>
		</UML:DiagramElement>
		<UML:DiagramElement geometry=" 12545, 456, 7414, 421," subject="EAID_8542B36D_40EE_4a8b_818A_81080C17CE6D" style="CategoryDependency">
			<UML:ModelElement.taggedValue>
				<UML:TaggedValue tag="diagram_guid" value="EAID_18A362BB_408F_4e66_B226_2155BD83978D"/>
				<UML:TaggedValue tag="hidden" value="0"/>
			</UML:ModelElement.taggedValue>
		</UML:DiagramElement>
		<UML:DiagramElement geometry=" " subject="EAID_8542B36D_40EE_4a8b_818A_81080C17CE6D" style="Mode=3;">
			<UML:ModelElement.taggedValue>
				<UML:TaggedValue tag="diagram_guid" value="EAID_F88A9227_98D6_493d_B3B7_0221AAAB9AFF"/>
				<UML:TaggedValue tag="hidden" value="255"/>
			</UML:ModelElement.taggedValue>
		</UML:DiagramElement>
		<UML:DiagramElement geometry=" 1431, 428, 170, 202," subject="EAID_8542B36D_40EE_4a8b_818A_81080C17CE6D" style="CategoryDependency">
			<UML:ModelElement.taggedValue>
				<UML:TaggedValue tag="diagram_guid" value="EAID_BBB0E28E_9B6E_442f_9AC7_EE9466990493"/>
				<UML:TaggedValue tag="hidden" value="0"/>
			</UML:ModelElement.taggedValue>
		</UML:DiagramElement>
		<UML:DiagramElement geometry=" 1984, 444, 534, 259," subject="EAID_A52BCF08_C17C_495e_8F65_14EECDD336E0" style="CategoryDependency">
			<UML:ModelElement.taggedValue>
				<UML:TaggedValue tag="diagram_guid" value="EAID_BBB0E28E_9B6E_442f_9AC7_EE9466990493"/>
				<UML:TaggedValue tag="hidden" value="0"/>
			</UML:ModelElement.taggedValue>
		</UML:DiagramElement>
		<UML:DiagramElement geometry=" 3214, 2290, 1414, 177," subject="EAID_A52BCF08_C17C_495e_8F65_14EECDD336E0" style="CategoryDependency">
			<UML:ModelElement.taggedValue>
				<UML:TaggedValue tag="diagram_guid" value="EAID_DEC1FB72_F480_4330_AEE7_218E5635031F"/>
				<UML:TaggedValue tag="hidden" value="0"/>
			</UML:ModelElement.taggedValue>
		</UML:DiagramElement>
		<UML:DiagramElement geometry="EDGE=0;$LLB=;LLT=;LMT=;LMB=;LRT=;LRB=;IRHS=;ILHS=;" subject="EAID_A52BCF08_C17C_495e_8F65_14EECDD336E0" style="Mode=3;EOID=FA165EA0;SOID=6E12122F;Color=-1;LWidth=0;">
			<UML:ModelElement.taggedValue>
				<UML:TaggedValue tag="diagram_guid" value="EAID_B2AE0A54_EFC7_4c47_A28A_521A828EEFB1"/>
				<UML:TaggedValue tag="hidden" value="255"/>
			</UML:ModelElement.taggedValue>
		</UML:DiagramElement>
		<UML:DiagramElement geometry=" 15357, 482, 8089, 439," subject="EAID_C4EEB033_8CD4_437f_AAB0_49AE57CFB28C" style="CategoryDependency">
			<UML:ModelElement.taggedValue>
				<UML:TaggedValue tag="diagram_guid" value="EAID_F88A9227_98D6_493d_B3B7_0221AAAB9AFF"/>
				<UML:TaggedValue tag="hidden" value="0"/>
			</UML:ModelElement.taggedValue>
		</UML:DiagramElement>
		<UML:DiagramElement geometry=" " subject="EAID_C4EEB033_8CD4_437f_AAB0_49AE57CFB28C" style="Mode=3;">
			<UML:ModelElement.taggedValue>
				<UML:TaggedValue tag="diagram_guid" value="EAID_4EDB7D61_05C1_401d_B33F_8CDF8E987DE9"/>
				<UML:TaggedValue tag="hidden" value="255"/>
			</UML:ModelElement.taggedValue>
		</UML:DiagramElement>
		<UML:DiagramElement geometry=" 867, 459, 1069, 343," subject="EAID_C4EEB033_8CD4_437f_AAB0_49AE57CFB28C" style="CategoryDependency">
			<UML:ModelElement.taggedValue>
				<UML:TaggedValue tag="diagram_guid" value="EAID_BBB0E28E_9B6E_442f_9AC7_EE9466990493"/>
				<UML:TaggedValue tag="hidden" value="0"/>
			</UML:ModelElement.taggedValue>
		</UML:DiagramElement>
		<UML:DiagramElement geometry=" 14667, 456, 9169, 424," subject="EAID_DF47D0EB_C1DA_4db7_874A_C8D270354C3F" style="CategoryDependency">
			<UML:ModelElement.taggedValue>
				<UML:TaggedValue tag="diagram_guid" value="EAID_E136E46D_B31D_4237_B3F1_93C56E54957D"/>
				<UML:TaggedValue tag="hidden" value="0"/>
			</UML:ModelElement.taggedValue>
		</UML:DiagramElement>
		<UML:DiagramElement geometry="EDGE=0;$LLB=;LLT=;LMT=;LMB=;LRT=;LRB=;IRHS=;ILHS=;" subject="EAID_DF47D0EB_C1DA_4db7_874A_C8D270354C3F" style="Mode=3;EOID=32656B78;SOID=6E12122F;Color=-1;LWidth=0;">
			<UML:ModelElement.taggedValue>
				<UML:TaggedValue tag="diagram_guid" value="EAID_B2AE0A54_EFC7_4c47_A28A_521A828EEFB1"/>
				<UML:TaggedValue tag="hidden" value="255"/>
			</UML:ModelElement.taggedValue>
		</UML:DiagramElement>
		<UML:DiagramElement geometry=" 2326, 460, 1219, 352," subject="EAID_DF47D0EB_C1DA_4db7_874A_C8D270354C3F" style="CategoryDependency">
			<UML:ModelElement.taggedValue>
				<UML:TaggedValue tag="diagram_guid" value="EAID_BBB0E28E_9B6E_442f_9AC7_EE9466990493"/>
				<UML:TaggedValue tag="hidden" value="0"/>
			</UML:ModelElement.taggedValue>
		</UML:DiagramElement>
		<UML:DiagramElement geometry=" " subject="EAID_DF47D0EB_C1DA_4db7_874A_C8D270354C3F" style="Mode=3;">
			<UML:ModelElement.taggedValue>
				<UML:TaggedValue tag="diagram_guid" value="EAID_DEC1FB72_F480_4330_AEE7_218E5635031F"/>
				<UML:TaggedValue tag="hidden" value="255"/>
			</UML:ModelElement.taggedValue>
		</UML:DiagramElement>
	</XMI.content>
	<XMI.difference/>
	<XMI.extensions xmi.extender="Enterprise Architect 2.5">
		<EAStub xmi.id="EAID_F55B1395_1D8C_4703_B13D_D15321CAF118" name="ISO 19128 Map Services" UMLType="Package"/>
		<EAStub xmi.id="EAID_4440FD3D_67F1_404c_A6BE_B39E11014BF7" name="Extent information" UMLType="Package"/>
		<EAStub xmi.id="EAID_F09B6597_84BF_4038_A12D_46764435FDF9" name="Numerics" UMLType="Package"/>
		<EAStub xmi.id="EAID_4F253C10_AD55_4bce_9565_A989137F138B" name="Citation and responsible party information" UMLType="Package"/>
		<EAStub xmi.id="EAID_1ECA25EF_2DD3_4181_BA29_50C1A2B4B4BA" name="ISO 19103 Schema Language" UMLType="Package"/>
		<EAStub xmi.id="EAID_649102AB_914D_4e1a_9F7C_BD4919BF42FF" name="Text" UMLType="Package"/>
		<EAStub xmi.id="EAID_ABB034A4_A9AC_44e9_9D50_6ED0D0F087E4" name="ISO 19115 Metadata" UMLType="Package"/>
		<EAStub xmi.id="EAID_AF7C81A6_B1C1_4469_A09F_B97989024A14" name="CharacterString" UMLType="Class"/>
		<EAStub xmi.id="EAID_028A2312_9F43_494c_8081_403D65D4B493" name="EX_GeographicExtent" UMLType="Class"/>
		<EAStub xmi.id="EAID_AA30A841_75CB_4717_B1DD_AF093FACC787" name="CI_Contact" UMLType="Class"/>
		<EAStub xmi.id="EAID_ED4B232F_5EF1_4793_9DAE_32DC0D70A047" name="Integer" UMLType="Class"/>
	</XMI.extensions>
</XMI>
