<?xml version="1.0" encoding="windows-1252"?>
<!DOCTYPE XMI SYSTEM "UML_EA.dtd">
<XMI xmi.version="1.1" xmlns:UML="omg.org/UML1.3" timestamp="2008-04-29 14:30:02">
	<XMI.header>
		<XMI.documentation>
			<XMI.exporter>Enterprise Architect</XMI.exporter>
			<XMI.exporterVersion>2.5</XMI.exporterVersion>
		</XMI.documentation>
	</XMI.header>
	<XMI.content>
		<UML:Model name="EA Model" xmi.id="MX_EAID_717DD03D_848B_40ae_A76B_71AB0B980A9D">
			<UML:Namespace.ownedElement>
				<UML:Class name="EARootClass" xmi.id="EAID_11111111_5487_4080_A7F4_41526CB0AA00" isRoot="true" isLeaf="false" isAbstract="false"/>
				<UML:Package name="ISO 00639 Language Codes" xmi.id="EAPK_717DD03D_848B_40ae_A76B_71AB0B980A9D" isRoot="false" isLeaf="false" isAbstract="false" visibility="public">
					<UML:ModelElement.taggedValue>
						<UML:TaggedValue tag="parent" value="EAID_4AD11F0C_FC53_4cec_9F38_6C742C27E085"/>
						<UML:TaggedValue tag="iscontrolled" value="FALSE"/>
						<UML:TaggedValue tag="isprotected" value="FALSE"/>
						<UML:TaggedValue tag="usedtd" value="FALSE"/>
						<UML:TaggedValue tag="logxml" value="FALSE"/>
						<UML:TaggedValue tag="packageFlags" value="CRC=0;"/>
						<UML:TaggedValue tag="ea_stype" value="Public"/>
						<UML:TaggedValue tag="tpos" value="0"/>
						<UML:TaggedValue tag="gentype" value="Java"/>
					</UML:ModelElement.taggedValue>
					<UML:Namespace.ownedElement>
						<UML:Class name="LanguageCode" xmi.id="EAID_4666C0A4_FC3B_4e9c_8D57_F185B17A1537" visibility="public" namespace="EAPK_717DD03D_848B_40ae_A76B_71AB0B980A9D" isRoot="true" isLeaf="true" isAbstract="false" isActive="false">
							<UML:ModelElement.stereotype>
								<UML:Stereotype name="CodeList"/>
							</UML:ModelElement.stereotype>
							<UML:ModelElement.taggedValue>
								<UML:TaggedValue tag="documentation" value="&lt;UsedBy&gt;&#xA;&lt;NameSpace&gt;ISO 19135 Procedures for registration&lt;/NameSpace&gt;&#xA;&lt;Class&gt;RE_Locale&lt;/Class&gt;&#xA;&lt;Attribute&gt;language&lt;/Attribute&gt;&#xA;&lt;Type&gt;LanguageCode&lt;/Type&gt;&#xA;&lt;UsedBy&gt;"/>
								<UML:TaggedValue tag="isSpecification" value="false"/>
								<UML:TaggedValue tag="ea_stype" value="Class"/>
								<UML:TaggedValue tag="ea_ntype" value="0"/>
								<UML:TaggedValue tag="package" value="EAPK_717DD03D_848B_40ae_A76B_71AB0B980A9D"/>
								<UML:TaggedValue tag="date_created" value="2008-04-10 12:16:10"/>
								<UML:TaggedValue tag="date_modified" value="2008-04-10 12:16:10"/>
								<UML:TaggedValue tag="tagged" value="0"/>
								<UML:TaggedValue tag="package_name" value="ISO 00639 Language Codes"/>
								<UML:TaggedValue tag="stereotype" value="CodeList"/>
								<UML:TaggedValue tag="persistence" value="Persistent"/>
								<UML:TaggedValue tag="tpos" value="0"/>
								<UML:TaggedValue tag="ea_localid" value="619"/>
								<UML:TaggedValue tag="ea_eleType" value="element"/>
								<UML:TaggedValue tag="$ea_attsclassified" value="{6198D5AA-3ABB-4b4d-BB02-BEDD63E4255A},{6D323786-1772-4049-A7BC-03FA7FEE6D72},{56D6EB27-4FC1-4c40-8277-C076B88F338B}"/>
								<UML:TaggedValue tag="style" value="BackColor=-1;BorderColor=-1;BorderWidth=-1;FontColor=-1;VSwimLanes=1;HSwimLanes=1;BorderStyle=0;"/>
								<UML:TaggedValue tag="$ea_xref_property" value="$XREFPROP=$XID={6831F1E1-8C1C-4b02-A622-844D34EA0E24}$XID;$NAM=CustomProperties$NAM;$TYP=element property$TYP;$VIS=Public$VIS;$DES=@PROP=@NAME=isActive@ENDNAME;@TYPE=Boolean@ENDTYPE;@VALU=@ENDVALU;@PRMT=@ENDPRMT;@ENDPROP;$DES;$CLT={4666C0A4-FC3B-4e9c-8D57-F185B17A1537}$CLT;$SUP=&lt;none&gt;$SUP;$ENDXREF;$XREFPROP=$XID={5B36D8A5-357A-48db-B6B4-30A585388668}$XID;$NAM=Stereotypes$NAM;$TYP=element property$TYP;$VIS=Public$VIS;$DES=@STEREO;Name=CodeList;GUID={C1D47DFF-DB4E-466e-995A-43725A1FD5A3};Note=;@ENDSTEREO;$DES;$CLT={4666C0A4-FC3B-4e9c-8D57-F185B17A1537}$CLT;$ENDXREF;"/>
							</UML:ModelElement.taggedValue>
							<UML:Classifier.feature>
								<UML:Attribute name="Afrikaans" changeable="none" visibility="public" ownerScope="instance" targetScope="instance">
									<UML:Attribute.initialValue>
										<UML:Expression/>
									</UML:Attribute.initialValue>
									<UML:StructuralFeature.type>
										<UML:Classifier xmi.idref="eaxmiid0"/>
									</UML:StructuralFeature.type>
									<UML:ModelElement.taggedValue>
										<UML:TaggedValue tag="type" value="&lt;undefined&gt;"/>
										<UML:TaggedValue tag="length" value="0"/>
										<UML:TaggedValue tag="ordered" value="0"/>
										<UML:TaggedValue tag="precision" value="0"/>
										<UML:TaggedValue tag="scale" value="0"/>
										<UML:TaggedValue tag="collection" value="false"/>
										<UML:TaggedValue tag="position" value="0"/>
										<UML:TaggedValue tag="lowerBound" value="1"/>
										<UML:TaggedValue tag="upperBound" value="1"/>
										<UML:TaggedValue tag="ea_guid" value="{0F0B51C7-9B07-44c6-8020-CB7B26CB4F6C}"/>
										<UML:TaggedValue tag="ea_localid" value="834"/>
									</UML:ModelElement.taggedValue>
								</UML:Attribute>
								<UML:Attribute name="Albanian" changeable="none" visibility="public" ownerScope="instance" targetScope="instance">
									<UML:Attribute.initialValue>
										<UML:Expression/>
									</UML:Attribute.initialValue>
									<UML:StructuralFeature.type>
										<UML:Classifier xmi.idref="eaxmiid0"/>
									</UML:StructuralFeature.type>
									<UML:ModelElement.taggedValue>
										<UML:TaggedValue tag="type" value="&lt;undefined&gt;"/>
										<UML:TaggedValue tag="length" value="0"/>
										<UML:TaggedValue tag="ordered" value="0"/>
										<UML:TaggedValue tag="precision" value="0"/>
										<UML:TaggedValue tag="scale" value="0"/>
										<UML:TaggedValue tag="collection" value="false"/>
										<UML:TaggedValue tag="position" value="1"/>
										<UML:TaggedValue tag="lowerBound" value="1"/>
										<UML:TaggedValue tag="upperBound" value="1"/>
										<UML:TaggedValue tag="ea_guid" value="{B488A29B-229F-426d-B59A-CC34E22D5176}"/>
										<UML:TaggedValue tag="ea_localid" value="835"/>
									</UML:ModelElement.taggedValue>
								</UML:Attribute>
								<UML:Attribute name="Arabic" changeable="none" visibility="public" ownerScope="instance" targetScope="instance">
									<UML:Attribute.initialValue>
										<UML:Expression/>
									</UML:Attribute.initialValue>
									<UML:StructuralFeature.type>
										<UML:Classifier xmi.idref="eaxmiid0"/>
									</UML:StructuralFeature.type>
									<UML:ModelElement.taggedValue>
										<UML:TaggedValue tag="type" value="&lt;undefined&gt;"/>
										<UML:TaggedValue tag="length" value="0"/>
										<UML:TaggedValue tag="ordered" value="0"/>
										<UML:TaggedValue tag="precision" value="0"/>
										<UML:TaggedValue tag="scale" value="0"/>
										<UML:TaggedValue tag="collection" value="false"/>
										<UML:TaggedValue tag="position" value="2"/>
										<UML:TaggedValue tag="lowerBound" value="1"/>
										<UML:TaggedValue tag="upperBound" value="1"/>
										<UML:TaggedValue tag="ea_guid" value="{EE0DFF89-7568-48ec-9002-5016A957DECA}"/>
										<UML:TaggedValue tag="ea_localid" value="836"/>
									</UML:ModelElement.taggedValue>
								</UML:Attribute>
								<UML:Attribute name="Basque" changeable="none" visibility="public" ownerScope="instance" targetScope="instance">
									<UML:Attribute.initialValue>
										<UML:Expression/>
									</UML:Attribute.initialValue>
									<UML:StructuralFeature.type>
										<UML:Classifier xmi.idref="eaxmiid0"/>
									</UML:StructuralFeature.type>
									<UML:ModelElement.taggedValue>
										<UML:TaggedValue tag="type" value="&lt;undefined&gt;"/>
										<UML:TaggedValue tag="length" value="0"/>
										<UML:TaggedValue tag="ordered" value="0"/>
										<UML:TaggedValue tag="precision" value="0"/>
										<UML:TaggedValue tag="scale" value="0"/>
										<UML:TaggedValue tag="collection" value="false"/>
										<UML:TaggedValue tag="position" value="3"/>
										<UML:TaggedValue tag="lowerBound" value="1"/>
										<UML:TaggedValue tag="upperBound" value="1"/>
										<UML:TaggedValue tag="ea_guid" value="{35212743-A26C-4291-8421-DE6ABF7D8F0F}"/>
										<UML:TaggedValue tag="ea_localid" value="837"/>
									</UML:ModelElement.taggedValue>
								</UML:Attribute>
								<UML:Attribute name="Belarusian" changeable="none" visibility="public" ownerScope="instance" targetScope="instance">
									<UML:Attribute.initialValue>
										<UML:Expression/>
									</UML:Attribute.initialValue>
									<UML:StructuralFeature.type>
										<UML:Classifier xmi.idref="eaxmiid0"/>
									</UML:StructuralFeature.type>
									<UML:ModelElement.taggedValue>
										<UML:TaggedValue tag="type" value="&lt;undefined&gt;"/>
										<UML:TaggedValue tag="length" value="0"/>
										<UML:TaggedValue tag="ordered" value="0"/>
										<UML:TaggedValue tag="precision" value="0"/>
										<UML:TaggedValue tag="scale" value="0"/>
										<UML:TaggedValue tag="collection" value="false"/>
										<UML:TaggedValue tag="position" value="4"/>
										<UML:TaggedValue tag="lowerBound" value="1"/>
										<UML:TaggedValue tag="upperBound" value="1"/>
										<UML:TaggedValue tag="ea_guid" value="{D7E77807-93BF-4371-9FA0-BC70ABF02527}"/>
										<UML:TaggedValue tag="ea_localid" value="838"/>
									</UML:ModelElement.taggedValue>
								</UML:Attribute>
								<UML:Attribute name="Bulgarian" changeable="none" visibility="public" ownerScope="instance" targetScope="instance">
									<UML:Attribute.initialValue>
										<UML:Expression/>
									</UML:Attribute.initialValue>
									<UML:StructuralFeature.type>
										<UML:Classifier xmi.idref="eaxmiid0"/>
									</UML:StructuralFeature.type>
									<UML:ModelElement.taggedValue>
										<UML:TaggedValue tag="type" value="&lt;undefined&gt;"/>
										<UML:TaggedValue tag="length" value="0"/>
										<UML:TaggedValue tag="ordered" value="0"/>
										<UML:TaggedValue tag="precision" value="0"/>
										<UML:TaggedValue tag="scale" value="0"/>
										<UML:TaggedValue tag="collection" value="false"/>
										<UML:TaggedValue tag="position" value="5"/>
										<UML:TaggedValue tag="lowerBound" value="1"/>
										<UML:TaggedValue tag="upperBound" value="1"/>
										<UML:TaggedValue tag="ea_guid" value="{50DEB7CC-1E85-4859-ABA3-15E30B4D6A23}"/>
										<UML:TaggedValue tag="ea_localid" value="839"/>
									</UML:ModelElement.taggedValue>
								</UML:Attribute>
								<UML:Attribute name="Catalan" changeable="none" visibility="public" ownerScope="instance" targetScope="instance">
									<UML:Attribute.initialValue>
										<UML:Expression/>
									</UML:Attribute.initialValue>
									<UML:StructuralFeature.type>
										<UML:Classifier xmi.idref="eaxmiid0"/>
									</UML:StructuralFeature.type>
									<UML:ModelElement.taggedValue>
										<UML:TaggedValue tag="type" value="&lt;undefined&gt;"/>
										<UML:TaggedValue tag="length" value="0"/>
										<UML:TaggedValue tag="ordered" value="0"/>
										<UML:TaggedValue tag="precision" value="0"/>
										<UML:TaggedValue tag="scale" value="0"/>
										<UML:TaggedValue tag="collection" value="false"/>
										<UML:TaggedValue tag="position" value="6"/>
										<UML:TaggedValue tag="lowerBound" value="1"/>
										<UML:TaggedValue tag="upperBound" value="1"/>
										<UML:TaggedValue tag="ea_guid" value="{326463DD-B54A-439d-A2CC-95A8011AB58D}"/>
										<UML:TaggedValue tag="ea_localid" value="840"/>
									</UML:ModelElement.taggedValue>
								</UML:Attribute>
								<UML:Attribute name="Chinese" changeable="none" visibility="public" ownerScope="instance" targetScope="instance">
									<UML:Attribute.initialValue>
										<UML:Expression/>
									</UML:Attribute.initialValue>
									<UML:StructuralFeature.type>
										<UML:Classifier xmi.idref="eaxmiid0"/>
									</UML:StructuralFeature.type>
									<UML:ModelElement.taggedValue>
										<UML:TaggedValue tag="type" value="&lt;undefined&gt;"/>
										<UML:TaggedValue tag="length" value="0"/>
										<UML:TaggedValue tag="ordered" value="0"/>
										<UML:TaggedValue tag="precision" value="0"/>
										<UML:TaggedValue tag="scale" value="0"/>
										<UML:TaggedValue tag="collection" value="false"/>
										<UML:TaggedValue tag="position" value="7"/>
										<UML:TaggedValue tag="lowerBound" value="1"/>
										<UML:TaggedValue tag="upperBound" value="1"/>
										<UML:TaggedValue tag="ea_guid" value="{99DF52EA-3026-4f12-BD32-A393856378C6}"/>
										<UML:TaggedValue tag="ea_localid" value="841"/>
									</UML:ModelElement.taggedValue>
								</UML:Attribute>
								<UML:Attribute name="Croatian" changeable="none" visibility="public" ownerScope="instance" targetScope="instance">
									<UML:Attribute.initialValue>
										<UML:Expression/>
									</UML:Attribute.initialValue>
									<UML:StructuralFeature.type>
										<UML:Classifier xmi.idref="eaxmiid0"/>
									</UML:StructuralFeature.type>
									<UML:ModelElement.taggedValue>
										<UML:TaggedValue tag="type" value="&lt;undefined&gt;"/>
										<UML:TaggedValue tag="length" value="0"/>
										<UML:TaggedValue tag="ordered" value="0"/>
										<UML:TaggedValue tag="precision" value="0"/>
										<UML:TaggedValue tag="scale" value="0"/>
										<UML:TaggedValue tag="collection" value="false"/>
										<UML:TaggedValue tag="position" value="8"/>
										<UML:TaggedValue tag="lowerBound" value="1"/>
										<UML:TaggedValue tag="upperBound" value="1"/>
										<UML:TaggedValue tag="ea_guid" value="{17AC3370-2255-4be6-AAC5-070DA99385B5}"/>
										<UML:TaggedValue tag="ea_localid" value="842"/>
									</UML:ModelElement.taggedValue>
								</UML:Attribute>
								<UML:Attribute name="Czech" changeable="none" visibility="public" ownerScope="instance" targetScope="instance">
									<UML:Attribute.initialValue>
										<UML:Expression/>
									</UML:Attribute.initialValue>
									<UML:StructuralFeature.type>
										<UML:Classifier xmi.idref="eaxmiid0"/>
									</UML:StructuralFeature.type>
									<UML:ModelElement.taggedValue>
										<UML:TaggedValue tag="type" value="&lt;undefined&gt;"/>
										<UML:TaggedValue tag="length" value="0"/>
										<UML:TaggedValue tag="ordered" value="0"/>
										<UML:TaggedValue tag="precision" value="0"/>
										<UML:TaggedValue tag="scale" value="0"/>
										<UML:TaggedValue tag="collection" value="false"/>
										<UML:TaggedValue tag="position" value="9"/>
										<UML:TaggedValue tag="lowerBound" value="1"/>
										<UML:TaggedValue tag="upperBound" value="1"/>
										<UML:TaggedValue tag="ea_guid" value="{4C3BEF5D-70FA-4ded-992A-5DA74D0D9016}"/>
										<UML:TaggedValue tag="ea_localid" value="843"/>
									</UML:ModelElement.taggedValue>
								</UML:Attribute>
								<UML:Attribute name="Danish" changeable="none" visibility="public" ownerScope="instance" targetScope="instance">
									<UML:Attribute.initialValue>
										<UML:Expression/>
									</UML:Attribute.initialValue>
									<UML:StructuralFeature.type>
										<UML:Classifier xmi.idref="eaxmiid0"/>
									</UML:StructuralFeature.type>
									<UML:ModelElement.taggedValue>
										<UML:TaggedValue tag="type" value="&lt;undefined&gt;"/>
										<UML:TaggedValue tag="length" value="0"/>
										<UML:TaggedValue tag="ordered" value="0"/>
										<UML:TaggedValue tag="precision" value="0"/>
										<UML:TaggedValue tag="scale" value="0"/>
										<UML:TaggedValue tag="collection" value="false"/>
										<UML:TaggedValue tag="position" value="10"/>
										<UML:TaggedValue tag="lowerBound" value="1"/>
										<UML:TaggedValue tag="upperBound" value="1"/>
										<UML:TaggedValue tag="ea_guid" value="{B9A4726F-53B0-4383-9E09-15B58A8F8D2B}"/>
										<UML:TaggedValue tag="ea_localid" value="844"/>
									</UML:ModelElement.taggedValue>
								</UML:Attribute>
								<UML:Attribute name="Dutch" changeable="none" visibility="public" ownerScope="instance" targetScope="instance">
									<UML:Attribute.initialValue>
										<UML:Expression/>
									</UML:Attribute.initialValue>
									<UML:StructuralFeature.type>
										<UML:Classifier xmi.idref="eaxmiid0"/>
									</UML:StructuralFeature.type>
									<UML:ModelElement.taggedValue>
										<UML:TaggedValue tag="type" value="&lt;undefined&gt;"/>
										<UML:TaggedValue tag="length" value="0"/>
										<UML:TaggedValue tag="ordered" value="0"/>
										<UML:TaggedValue tag="precision" value="0"/>
										<UML:TaggedValue tag="scale" value="0"/>
										<UML:TaggedValue tag="collection" value="false"/>
										<UML:TaggedValue tag="position" value="11"/>
										<UML:TaggedValue tag="lowerBound" value="1"/>
										<UML:TaggedValue tag="upperBound" value="1"/>
										<UML:TaggedValue tag="ea_guid" value="{538957DC-CB14-4d31-9878-A816FEE2A535}"/>
										<UML:TaggedValue tag="ea_localid" value="845"/>
									</UML:ModelElement.taggedValue>
								</UML:Attribute>
								<UML:Attribute name="English" changeable="none" visibility="public" ownerScope="instance" targetScope="instance">
									<UML:Attribute.initialValue>
										<UML:Expression/>
									</UML:Attribute.initialValue>
									<UML:StructuralFeature.type>
										<UML:Classifier xmi.idref="eaxmiid0"/>
									</UML:StructuralFeature.type>
									<UML:ModelElement.taggedValue>
										<UML:TaggedValue tag="type" value="&lt;undefined&gt;"/>
										<UML:TaggedValue tag="length" value="0"/>
										<UML:TaggedValue tag="ordered" value="0"/>
										<UML:TaggedValue tag="precision" value="0"/>
										<UML:TaggedValue tag="scale" value="0"/>
										<UML:TaggedValue tag="collection" value="false"/>
										<UML:TaggedValue tag="position" value="12"/>
										<UML:TaggedValue tag="lowerBound" value="1"/>
										<UML:TaggedValue tag="upperBound" value="1"/>
										<UML:TaggedValue tag="ea_guid" value="{D7982566-F4C5-40bd-993E-7445095B51D2}"/>
										<UML:TaggedValue tag="ea_localid" value="846"/>
									</UML:ModelElement.taggedValue>
								</UML:Attribute>
								<UML:Attribute name="Estonian" changeable="none" visibility="public" ownerScope="instance" targetScope="instance">
									<UML:Attribute.initialValue>
										<UML:Expression/>
									</UML:Attribute.initialValue>
									<UML:StructuralFeature.type>
										<UML:Classifier xmi.idref="eaxmiid0"/>
									</UML:StructuralFeature.type>
									<UML:ModelElement.taggedValue>
										<UML:TaggedValue tag="type" value="&lt;undefined&gt;"/>
										<UML:TaggedValue tag="length" value="0"/>
										<UML:TaggedValue tag="ordered" value="0"/>
										<UML:TaggedValue tag="precision" value="0"/>
										<UML:TaggedValue tag="scale" value="0"/>
										<UML:TaggedValue tag="collection" value="false"/>
										<UML:TaggedValue tag="position" value="13"/>
										<UML:TaggedValue tag="lowerBound" value="1"/>
										<UML:TaggedValue tag="upperBound" value="1"/>
										<UML:TaggedValue tag="ea_guid" value="{C2B2C8AC-FAE5-4a2e-8DD9-46316E98331D}"/>
										<UML:TaggedValue tag="ea_localid" value="847"/>
									</UML:ModelElement.taggedValue>
								</UML:Attribute>
								<UML:Attribute name="Faeroese" changeable="none" visibility="public" ownerScope="instance" targetScope="instance">
									<UML:Attribute.initialValue>
										<UML:Expression/>
									</UML:Attribute.initialValue>
									<UML:StructuralFeature.type>
										<UML:Classifier xmi.idref="eaxmiid0"/>
									</UML:StructuralFeature.type>
									<UML:ModelElement.taggedValue>
										<UML:TaggedValue tag="type" value="&lt;undefined&gt;"/>
										<UML:TaggedValue tag="length" value="0"/>
										<UML:TaggedValue tag="ordered" value="0"/>
										<UML:TaggedValue tag="precision" value="0"/>
										<UML:TaggedValue tag="scale" value="0"/>
										<UML:TaggedValue tag="collection" value="false"/>
										<UML:TaggedValue tag="position" value="14"/>
										<UML:TaggedValue tag="lowerBound" value="1"/>
										<UML:TaggedValue tag="upperBound" value="1"/>
										<UML:TaggedValue tag="ea_guid" value="{2A915584-722F-484e-8006-8743D0125D82}"/>
										<UML:TaggedValue tag="ea_localid" value="848"/>
									</UML:ModelElement.taggedValue>
								</UML:Attribute>
								<UML:Attribute name="French" changeable="none" visibility="public" ownerScope="instance" targetScope="instance">
									<UML:Attribute.initialValue>
										<UML:Expression/>
									</UML:Attribute.initialValue>
									<UML:StructuralFeature.type>
										<UML:Classifier xmi.idref="eaxmiid0"/>
									</UML:StructuralFeature.type>
									<UML:ModelElement.taggedValue>
										<UML:TaggedValue tag="type" value="&lt;undefined&gt;"/>
										<UML:TaggedValue tag="length" value="0"/>
										<UML:TaggedValue tag="ordered" value="0"/>
										<UML:TaggedValue tag="precision" value="0"/>
										<UML:TaggedValue tag="scale" value="0"/>
										<UML:TaggedValue tag="collection" value="false"/>
										<UML:TaggedValue tag="position" value="15"/>
										<UML:TaggedValue tag="lowerBound" value="1"/>
										<UML:TaggedValue tag="upperBound" value="1"/>
										<UML:TaggedValue tag="ea_guid" value="{A5F21B95-F4EF-4dc1-9AC8-237E99067CED}"/>
										<UML:TaggedValue tag="ea_localid" value="849"/>
									</UML:ModelElement.taggedValue>
								</UML:Attribute>
								<UML:Attribute name="French(Canadian)" changeable="none" visibility="public" ownerScope="instance" targetScope="instance">
									<UML:Attribute.initialValue>
										<UML:Expression/>
									</UML:Attribute.initialValue>
									<UML:StructuralFeature.type>
										<UML:Classifier xmi.idref="eaxmiid0"/>
									</UML:StructuralFeature.type>
									<UML:ModelElement.taggedValue>
										<UML:TaggedValue tag="type" value="&lt;undefined&gt;"/>
										<UML:TaggedValue tag="length" value="0"/>
										<UML:TaggedValue tag="ordered" value="0"/>
										<UML:TaggedValue tag="precision" value="0"/>
										<UML:TaggedValue tag="scale" value="0"/>
										<UML:TaggedValue tag="collection" value="false"/>
										<UML:TaggedValue tag="position" value="16"/>
										<UML:TaggedValue tag="lowerBound" value="1"/>
										<UML:TaggedValue tag="upperBound" value="1"/>
										<UML:TaggedValue tag="ea_guid" value="{D1A82FC4-A88D-4b1c-A377-7EACFC8E4A3D}"/>
										<UML:TaggedValue tag="ea_localid" value="850"/>
									</UML:ModelElement.taggedValue>
								</UML:Attribute>
								<UML:Attribute name="Finnish" changeable="none" visibility="public" ownerScope="instance" targetScope="instance">
									<UML:Attribute.initialValue>
										<UML:Expression/>
									</UML:Attribute.initialValue>
									<UML:StructuralFeature.type>
										<UML:Classifier xmi.idref="eaxmiid0"/>
									</UML:StructuralFeature.type>
									<UML:ModelElement.taggedValue>
										<UML:TaggedValue tag="type" value="&lt;undefined&gt;"/>
										<UML:TaggedValue tag="length" value="0"/>
										<UML:TaggedValue tag="ordered" value="0"/>
										<UML:TaggedValue tag="precision" value="0"/>
										<UML:TaggedValue tag="scale" value="0"/>
										<UML:TaggedValue tag="collection" value="false"/>
										<UML:TaggedValue tag="position" value="17"/>
										<UML:TaggedValue tag="lowerBound" value="1"/>
										<UML:TaggedValue tag="upperBound" value="1"/>
										<UML:TaggedValue tag="ea_guid" value="{6DF11F94-0162-4d2e-A1D9-A51514B4466B}"/>
										<UML:TaggedValue tag="ea_localid" value="851"/>
									</UML:ModelElement.taggedValue>
								</UML:Attribute>
								<UML:Attribute name="German" changeable="none" visibility="public" ownerScope="instance" targetScope="instance">
									<UML:Attribute.initialValue>
										<UML:Expression/>
									</UML:Attribute.initialValue>
									<UML:StructuralFeature.type>
										<UML:Classifier xmi.idref="eaxmiid0"/>
									</UML:StructuralFeature.type>
									<UML:ModelElement.taggedValue>
										<UML:TaggedValue tag="type" value="&lt;undefined&gt;"/>
										<UML:TaggedValue tag="length" value="0"/>
										<UML:TaggedValue tag="ordered" value="0"/>
										<UML:TaggedValue tag="precision" value="0"/>
										<UML:TaggedValue tag="scale" value="0"/>
										<UML:TaggedValue tag="collection" value="false"/>
										<UML:TaggedValue tag="position" value="18"/>
										<UML:TaggedValue tag="lowerBound" value="1"/>
										<UML:TaggedValue tag="upperBound" value="1"/>
										<UML:TaggedValue tag="ea_guid" value="{1603A2A2-1DD1-4ef8-806E-02A73BCEE27A}"/>
										<UML:TaggedValue tag="ea_localid" value="852"/>
									</UML:ModelElement.taggedValue>
								</UML:Attribute>
								<UML:Attribute name="Greek" changeable="none" visibility="public" ownerScope="instance" targetScope="instance">
									<UML:Attribute.initialValue>
										<UML:Expression/>
									</UML:Attribute.initialValue>
									<UML:StructuralFeature.type>
										<UML:Classifier xmi.idref="eaxmiid0"/>
									</UML:StructuralFeature.type>
									<UML:ModelElement.taggedValue>
										<UML:TaggedValue tag="type" value="&lt;undefined&gt;"/>
										<UML:TaggedValue tag="length" value="0"/>
										<UML:TaggedValue tag="ordered" value="0"/>
										<UML:TaggedValue tag="precision" value="0"/>
										<UML:TaggedValue tag="scale" value="0"/>
										<UML:TaggedValue tag="collection" value="false"/>
										<UML:TaggedValue tag="position" value="19"/>
										<UML:TaggedValue tag="lowerBound" value="1"/>
										<UML:TaggedValue tag="upperBound" value="1"/>
										<UML:TaggedValue tag="ea_guid" value="{A78742EA-0BDE-432e-ABB8-8D7D7888427C}"/>
										<UML:TaggedValue tag="ea_localid" value="853"/>
									</UML:ModelElement.taggedValue>
								</UML:Attribute>
								<UML:Attribute name="Hawaian" changeable="none" visibility="public" ownerScope="instance" targetScope="instance">
									<UML:Attribute.initialValue>
										<UML:Expression/>
									</UML:Attribute.initialValue>
									<UML:StructuralFeature.type>
										<UML:Classifier xmi.idref="eaxmiid0"/>
									</UML:StructuralFeature.type>
									<UML:ModelElement.taggedValue>
										<UML:TaggedValue tag="type" value="&lt;undefined&gt;"/>
										<UML:TaggedValue tag="length" value="0"/>
										<UML:TaggedValue tag="ordered" value="0"/>
										<UML:TaggedValue tag="precision" value="0"/>
										<UML:TaggedValue tag="scale" value="0"/>
										<UML:TaggedValue tag="collection" value="false"/>
										<UML:TaggedValue tag="position" value="20"/>
										<UML:TaggedValue tag="lowerBound" value="1"/>
										<UML:TaggedValue tag="upperBound" value="1"/>
										<UML:TaggedValue tag="ea_guid" value="{C20473C8-9C43-42f2-B371-DFC330D1CA89}"/>
										<UML:TaggedValue tag="ea_localid" value="854"/>
									</UML:ModelElement.taggedValue>
								</UML:Attribute>
								<UML:Attribute name="Hebrew" changeable="none" visibility="public" ownerScope="instance" targetScope="instance">
									<UML:Attribute.initialValue>
										<UML:Expression/>
									</UML:Attribute.initialValue>
									<UML:StructuralFeature.type>
										<UML:Classifier xmi.idref="eaxmiid0"/>
									</UML:StructuralFeature.type>
									<UML:ModelElement.taggedValue>
										<UML:TaggedValue tag="type" value="&lt;undefined&gt;"/>
										<UML:TaggedValue tag="length" value="0"/>
										<UML:TaggedValue tag="ordered" value="0"/>
										<UML:TaggedValue tag="precision" value="0"/>
										<UML:TaggedValue tag="scale" value="0"/>
										<UML:TaggedValue tag="collection" value="false"/>
										<UML:TaggedValue tag="position" value="21"/>
										<UML:TaggedValue tag="lowerBound" value="1"/>
										<UML:TaggedValue tag="upperBound" value="1"/>
										<UML:TaggedValue tag="ea_guid" value="{E7AAD34B-5F73-4e0b-8D88-EAD18AB6C28C}"/>
										<UML:TaggedValue tag="ea_localid" value="855"/>
									</UML:ModelElement.taggedValue>
								</UML:Attribute>
								<UML:Attribute name="Hungarian" changeable="none" visibility="public" ownerScope="instance" targetScope="instance">
									<UML:Attribute.initialValue>
										<UML:Expression/>
									</UML:Attribute.initialValue>
									<UML:StructuralFeature.type>
										<UML:Classifier xmi.idref="eaxmiid0"/>
									</UML:StructuralFeature.type>
									<UML:ModelElement.taggedValue>
										<UML:TaggedValue tag="type" value="&lt;undefined&gt;"/>
										<UML:TaggedValue tag="length" value="0"/>
										<UML:TaggedValue tag="ordered" value="0"/>
										<UML:TaggedValue tag="precision" value="0"/>
										<UML:TaggedValue tag="scale" value="0"/>
										<UML:TaggedValue tag="collection" value="false"/>
										<UML:TaggedValue tag="position" value="22"/>
										<UML:TaggedValue tag="lowerBound" value="1"/>
										<UML:TaggedValue tag="upperBound" value="1"/>
										<UML:TaggedValue tag="ea_guid" value="{DFC443A3-4A35-446e-8A0B-A0FA352B243A}"/>
										<UML:TaggedValue tag="ea_localid" value="856"/>
									</UML:ModelElement.taggedValue>
								</UML:Attribute>
								<UML:Attribute name="Icelandic" changeable="none" visibility="public" ownerScope="instance" targetScope="instance">
									<UML:Attribute.initialValue>
										<UML:Expression/>
									</UML:Attribute.initialValue>
									<UML:StructuralFeature.type>
										<UML:Classifier xmi.idref="eaxmiid0"/>
									</UML:StructuralFeature.type>
									<UML:ModelElement.taggedValue>
										<UML:TaggedValue tag="type" value="&lt;undefined&gt;"/>
										<UML:TaggedValue tag="length" value="0"/>
										<UML:TaggedValue tag="ordered" value="0"/>
										<UML:TaggedValue tag="precision" value="0"/>
										<UML:TaggedValue tag="scale" value="0"/>
										<UML:TaggedValue tag="collection" value="false"/>
										<UML:TaggedValue tag="position" value="23"/>
										<UML:TaggedValue tag="lowerBound" value="1"/>
										<UML:TaggedValue tag="upperBound" value="1"/>
										<UML:TaggedValue tag="ea_guid" value="{BF602CEE-D8FA-4541-B829-6B3B70837375}"/>
										<UML:TaggedValue tag="ea_localid" value="857"/>
									</UML:ModelElement.taggedValue>
								</UML:Attribute>
								<UML:Attribute name="Indonesian" changeable="none" visibility="public" ownerScope="instance" targetScope="instance">
									<UML:Attribute.initialValue>
										<UML:Expression/>
									</UML:Attribute.initialValue>
									<UML:StructuralFeature.type>
										<UML:Classifier xmi.idref="eaxmiid0"/>
									</UML:StructuralFeature.type>
									<UML:ModelElement.taggedValue>
										<UML:TaggedValue tag="type" value="&lt;undefined&gt;"/>
										<UML:TaggedValue tag="length" value="0"/>
										<UML:TaggedValue tag="ordered" value="0"/>
										<UML:TaggedValue tag="precision" value="0"/>
										<UML:TaggedValue tag="scale" value="0"/>
										<UML:TaggedValue tag="collection" value="false"/>
										<UML:TaggedValue tag="position" value="24"/>
										<UML:TaggedValue tag="lowerBound" value="1"/>
										<UML:TaggedValue tag="upperBound" value="1"/>
										<UML:TaggedValue tag="ea_guid" value="{07D2B702-F43A-4a22-A0F3-CC2EAC006CB6}"/>
										<UML:TaggedValue tag="ea_localid" value="858"/>
									</UML:ModelElement.taggedValue>
								</UML:Attribute>
								<UML:Attribute name="Italian" changeable="none" visibility="public" ownerScope="instance" targetScope="instance">
									<UML:Attribute.initialValue>
										<UML:Expression/>
									</UML:Attribute.initialValue>
									<UML:StructuralFeature.type>
										<UML:Classifier xmi.idref="eaxmiid0"/>
									</UML:StructuralFeature.type>
									<UML:ModelElement.taggedValue>
										<UML:TaggedValue tag="type" value="&lt;undefined&gt;"/>
										<UML:TaggedValue tag="length" value="0"/>
										<UML:TaggedValue tag="ordered" value="0"/>
										<UML:TaggedValue tag="precision" value="0"/>
										<UML:TaggedValue tag="scale" value="0"/>
										<UML:TaggedValue tag="collection" value="false"/>
										<UML:TaggedValue tag="position" value="25"/>
										<UML:TaggedValue tag="lowerBound" value="1"/>
										<UML:TaggedValue tag="upperBound" value="1"/>
										<UML:TaggedValue tag="ea_guid" value="{C0969A51-E818-42b9-81AC-233BFAF09616}"/>
										<UML:TaggedValue tag="ea_localid" value="859"/>
									</UML:ModelElement.taggedValue>
								</UML:Attribute>
								<UML:Attribute name="Japanese" changeable="none" visibility="public" ownerScope="instance" targetScope="instance">
									<UML:Attribute.initialValue>
										<UML:Expression/>
									</UML:Attribute.initialValue>
									<UML:StructuralFeature.type>
										<UML:Classifier xmi.idref="eaxmiid0"/>
									</UML:StructuralFeature.type>
									<UML:ModelElement.taggedValue>
										<UML:TaggedValue tag="type" value="&lt;undefined&gt;"/>
										<UML:TaggedValue tag="length" value="0"/>
										<UML:TaggedValue tag="ordered" value="0"/>
										<UML:TaggedValue tag="precision" value="0"/>
										<UML:TaggedValue tag="scale" value="0"/>
										<UML:TaggedValue tag="collection" value="false"/>
										<UML:TaggedValue tag="position" value="26"/>
										<UML:TaggedValue tag="lowerBound" value="1"/>
										<UML:TaggedValue tag="upperBound" value="1"/>
										<UML:TaggedValue tag="ea_guid" value="{7AFFECA2-8323-4aa0-A7F7-3792833DA57F}"/>
										<UML:TaggedValue tag="ea_localid" value="860"/>
									</UML:ModelElement.taggedValue>
								</UML:Attribute>
								<UML:Attribute name="Korean" changeable="none" visibility="public" ownerScope="instance" targetScope="instance">
									<UML:Attribute.initialValue>
										<UML:Expression/>
									</UML:Attribute.initialValue>
									<UML:StructuralFeature.type>
										<UML:Classifier xmi.idref="eaxmiid0"/>
									</UML:StructuralFeature.type>
									<UML:ModelElement.taggedValue>
										<UML:TaggedValue tag="type" value="&lt;undefined&gt;"/>
										<UML:TaggedValue tag="length" value="0"/>
										<UML:TaggedValue tag="ordered" value="0"/>
										<UML:TaggedValue tag="precision" value="0"/>
										<UML:TaggedValue tag="scale" value="0"/>
										<UML:TaggedValue tag="collection" value="false"/>
										<UML:TaggedValue tag="position" value="27"/>
										<UML:TaggedValue tag="lowerBound" value="1"/>
										<UML:TaggedValue tag="upperBound" value="1"/>
										<UML:TaggedValue tag="ea_guid" value="{373F4AD1-0B7F-4288-975C-679D61F5A517}"/>
										<UML:TaggedValue tag="ea_localid" value="861"/>
									</UML:ModelElement.taggedValue>
								</UML:Attribute>
								<UML:Attribute name="Latvian" changeable="none" visibility="public" ownerScope="instance" targetScope="instance">
									<UML:Attribute.initialValue>
										<UML:Expression/>
									</UML:Attribute.initialValue>
									<UML:StructuralFeature.type>
										<UML:Classifier xmi.idref="eaxmiid0"/>
									</UML:StructuralFeature.type>
									<UML:ModelElement.taggedValue>
										<UML:TaggedValue tag="type" value="&lt;undefined&gt;"/>
										<UML:TaggedValue tag="length" value="0"/>
										<UML:TaggedValue tag="ordered" value="0"/>
										<UML:TaggedValue tag="precision" value="0"/>
										<UML:TaggedValue tag="scale" value="0"/>
										<UML:TaggedValue tag="collection" value="false"/>
										<UML:TaggedValue tag="position" value="28"/>
										<UML:TaggedValue tag="lowerBound" value="1"/>
										<UML:TaggedValue tag="upperBound" value="1"/>
										<UML:TaggedValue tag="ea_guid" value="{C9A35747-D278-479b-82FB-E4FB462AEC6F}"/>
										<UML:TaggedValue tag="ea_localid" value="862"/>
									</UML:ModelElement.taggedValue>
								</UML:Attribute>
								<UML:Attribute name="Lithuanian" changeable="none" visibility="public" ownerScope="instance" targetScope="instance">
									<UML:Attribute.initialValue>
										<UML:Expression/>
									</UML:Attribute.initialValue>
									<UML:StructuralFeature.type>
										<UML:Classifier xmi.idref="eaxmiid0"/>
									</UML:StructuralFeature.type>
									<UML:ModelElement.taggedValue>
										<UML:TaggedValue tag="type" value="&lt;undefined&gt;"/>
										<UML:TaggedValue tag="length" value="0"/>
										<UML:TaggedValue tag="ordered" value="0"/>
										<UML:TaggedValue tag="precision" value="0"/>
										<UML:TaggedValue tag="scale" value="0"/>
										<UML:TaggedValue tag="collection" value="false"/>
										<UML:TaggedValue tag="position" value="29"/>
										<UML:TaggedValue tag="lowerBound" value="1"/>
										<UML:TaggedValue tag="upperBound" value="1"/>
										<UML:TaggedValue tag="ea_guid" value="{DDF841CA-B546-483f-8584-00E7E56DE5D1}"/>
										<UML:TaggedValue tag="ea_localid" value="863"/>
									</UML:ModelElement.taggedValue>
								</UML:Attribute>
								<UML:Attribute name="Malaysian" changeable="none" visibility="public" ownerScope="instance" targetScope="instance">
									<UML:Attribute.initialValue>
										<UML:Expression/>
									</UML:Attribute.initialValue>
									<UML:StructuralFeature.type>
										<UML:Classifier xmi.idref="eaxmiid0"/>
									</UML:StructuralFeature.type>
									<UML:ModelElement.taggedValue>
										<UML:TaggedValue tag="type" value="&lt;undefined&gt;"/>
										<UML:TaggedValue tag="length" value="0"/>
										<UML:TaggedValue tag="ordered" value="0"/>
										<UML:TaggedValue tag="precision" value="0"/>
										<UML:TaggedValue tag="scale" value="0"/>
										<UML:TaggedValue tag="collection" value="false"/>
										<UML:TaggedValue tag="position" value="30"/>
										<UML:TaggedValue tag="lowerBound" value="1"/>
										<UML:TaggedValue tag="upperBound" value="1"/>
										<UML:TaggedValue tag="ea_guid" value="{2AF8730C-AC80-45d2-8062-77DAFA393FDB}"/>
										<UML:TaggedValue tag="ea_localid" value="864"/>
									</UML:ModelElement.taggedValue>
								</UML:Attribute>
								<UML:Attribute name="Norwegian" changeable="none" visibility="public" ownerScope="instance" targetScope="instance">
									<UML:Attribute.initialValue>
										<UML:Expression/>
									</UML:Attribute.initialValue>
									<UML:StructuralFeature.type>
										<UML:Classifier xmi.idref="eaxmiid0"/>
									</UML:StructuralFeature.type>
									<UML:ModelElement.taggedValue>
										<UML:TaggedValue tag="type" value="&lt;undefined&gt;"/>
										<UML:TaggedValue tag="length" value="0"/>
										<UML:TaggedValue tag="ordered" value="0"/>
										<UML:TaggedValue tag="precision" value="0"/>
										<UML:TaggedValue tag="scale" value="0"/>
										<UML:TaggedValue tag="collection" value="false"/>
										<UML:TaggedValue tag="position" value="31"/>
										<UML:TaggedValue tag="lowerBound" value="1"/>
										<UML:TaggedValue tag="upperBound" value="1"/>
										<UML:TaggedValue tag="ea_guid" value="{6442E1A3-58CF-491c-A76A-14DA72ECFB61}"/>
										<UML:TaggedValue tag="ea_localid" value="865"/>
									</UML:ModelElement.taggedValue>
								</UML:Attribute>
								<UML:Attribute name="Polish" changeable="none" visibility="public" ownerScope="instance" targetScope="instance">
									<UML:Attribute.initialValue>
										<UML:Expression/>
									</UML:Attribute.initialValue>
									<UML:StructuralFeature.type>
										<UML:Classifier xmi.idref="eaxmiid0"/>
									</UML:StructuralFeature.type>
									<UML:ModelElement.taggedValue>
										<UML:TaggedValue tag="type" value="&lt;undefined&gt;"/>
										<UML:TaggedValue tag="length" value="0"/>
										<UML:TaggedValue tag="ordered" value="0"/>
										<UML:TaggedValue tag="precision" value="0"/>
										<UML:TaggedValue tag="scale" value="0"/>
										<UML:TaggedValue tag="collection" value="false"/>
										<UML:TaggedValue tag="position" value="32"/>
										<UML:TaggedValue tag="lowerBound" value="1"/>
										<UML:TaggedValue tag="upperBound" value="1"/>
										<UML:TaggedValue tag="ea_guid" value="{278EE83F-7AEC-4059-AD60-ADF02BBADEFF}"/>
										<UML:TaggedValue tag="ea_localid" value="866"/>
									</UML:ModelElement.taggedValue>
								</UML:Attribute>
								<UML:Attribute name="Portuguese" changeable="none" visibility="public" ownerScope="instance" targetScope="instance">
									<UML:Attribute.initialValue>
										<UML:Expression/>
									</UML:Attribute.initialValue>
									<UML:StructuralFeature.type>
										<UML:Classifier xmi.idref="eaxmiid0"/>
									</UML:StructuralFeature.type>
									<UML:ModelElement.taggedValue>
										<UML:TaggedValue tag="type" value="&lt;undefined&gt;"/>
										<UML:TaggedValue tag="length" value="0"/>
										<UML:TaggedValue tag="ordered" value="0"/>
										<UML:TaggedValue tag="precision" value="0"/>
										<UML:TaggedValue tag="scale" value="0"/>
										<UML:TaggedValue tag="collection" value="false"/>
										<UML:TaggedValue tag="position" value="33"/>
										<UML:TaggedValue tag="lowerBound" value="1"/>
										<UML:TaggedValue tag="upperBound" value="1"/>
										<UML:TaggedValue tag="ea_guid" value="{BF53B033-6932-44d7-A697-8B65336B00CE}"/>
										<UML:TaggedValue tag="ea_localid" value="867"/>
									</UML:ModelElement.taggedValue>
								</UML:Attribute>
								<UML:Attribute name="Romanian" changeable="none" visibility="public" ownerScope="instance" targetScope="instance">
									<UML:Attribute.initialValue>
										<UML:Expression/>
									</UML:Attribute.initialValue>
									<UML:StructuralFeature.type>
										<UML:Classifier xmi.idref="eaxmiid0"/>
									</UML:StructuralFeature.type>
									<UML:ModelElement.taggedValue>
										<UML:TaggedValue tag="type" value="&lt;undefined&gt;"/>
										<UML:TaggedValue tag="length" value="0"/>
										<UML:TaggedValue tag="ordered" value="0"/>
										<UML:TaggedValue tag="precision" value="0"/>
										<UML:TaggedValue tag="scale" value="0"/>
										<UML:TaggedValue tag="collection" value="false"/>
										<UML:TaggedValue tag="position" value="34"/>
										<UML:TaggedValue tag="lowerBound" value="1"/>
										<UML:TaggedValue tag="upperBound" value="1"/>
										<UML:TaggedValue tag="ea_guid" value="{A7543C64-A3E0-4e9c-A86B-D534D879A421}"/>
										<UML:TaggedValue tag="ea_localid" value="868"/>
									</UML:ModelElement.taggedValue>
								</UML:Attribute>
								<UML:Attribute name="Russian" changeable="none" visibility="public" ownerScope="instance" targetScope="instance">
									<UML:Attribute.initialValue>
										<UML:Expression/>
									</UML:Attribute.initialValue>
									<UML:StructuralFeature.type>
										<UML:Classifier xmi.idref="eaxmiid0"/>
									</UML:StructuralFeature.type>
									<UML:ModelElement.taggedValue>
										<UML:TaggedValue tag="type" value="&lt;undefined&gt;"/>
										<UML:TaggedValue tag="length" value="0"/>
										<UML:TaggedValue tag="ordered" value="0"/>
										<UML:TaggedValue tag="precision" value="0"/>
										<UML:TaggedValue tag="scale" value="0"/>
										<UML:TaggedValue tag="collection" value="false"/>
										<UML:TaggedValue tag="position" value="35"/>
										<UML:TaggedValue tag="lowerBound" value="1"/>
										<UML:TaggedValue tag="upperBound" value="1"/>
										<UML:TaggedValue tag="ea_guid" value="{4B7701A5-FCDC-4c6c-9914-42BDF271DEC4}"/>
										<UML:TaggedValue tag="ea_localid" value="869"/>
									</UML:ModelElement.taggedValue>
								</UML:Attribute>
								<UML:Attribute name="Serbian" changeable="none" visibility="public" ownerScope="instance" targetScope="instance">
									<UML:Attribute.initialValue>
										<UML:Expression/>
									</UML:Attribute.initialValue>
									<UML:StructuralFeature.type>
										<UML:Classifier xmi.idref="eaxmiid0"/>
									</UML:StructuralFeature.type>
									<UML:ModelElement.taggedValue>
										<UML:TaggedValue tag="type" value="&lt;undefined&gt;"/>
										<UML:TaggedValue tag="length" value="0"/>
										<UML:TaggedValue tag="ordered" value="0"/>
										<UML:TaggedValue tag="precision" value="0"/>
										<UML:TaggedValue tag="scale" value="0"/>
										<UML:TaggedValue tag="collection" value="false"/>
										<UML:TaggedValue tag="position" value="36"/>
										<UML:TaggedValue tag="lowerBound" value="1"/>
										<UML:TaggedValue tag="upperBound" value="1"/>
										<UML:TaggedValue tag="ea_guid" value="{AB3D20E9-58AF-4cc4-8AF6-C973E882A4BE}"/>
										<UML:TaggedValue tag="ea_localid" value="870"/>
									</UML:ModelElement.taggedValue>
								</UML:Attribute>
								<UML:Attribute name="Slovak" changeable="none" visibility="public" ownerScope="instance" targetScope="instance">
									<UML:Attribute.initialValue>
										<UML:Expression/>
									</UML:Attribute.initialValue>
									<UML:StructuralFeature.type>
										<UML:Classifier xmi.idref="eaxmiid0"/>
									</UML:StructuralFeature.type>
									<UML:ModelElement.taggedValue>
										<UML:TaggedValue tag="type" value="&lt;undefined&gt;"/>
										<UML:TaggedValue tag="length" value="0"/>
										<UML:TaggedValue tag="ordered" value="0"/>
										<UML:TaggedValue tag="precision" value="0"/>
										<UML:TaggedValue tag="scale" value="0"/>
										<UML:TaggedValue tag="collection" value="false"/>
										<UML:TaggedValue tag="position" value="37"/>
										<UML:TaggedValue tag="lowerBound" value="1"/>
										<UML:TaggedValue tag="upperBound" value="1"/>
										<UML:TaggedValue tag="ea_guid" value="{D0CCE79D-B85A-4701-AD42-24DFD33BE2CE}"/>
										<UML:TaggedValue tag="ea_localid" value="871"/>
									</UML:ModelElement.taggedValue>
								</UML:Attribute>
								<UML:Attribute name="Slovenian" changeable="none" visibility="public" ownerScope="instance" targetScope="instance">
									<UML:Attribute.initialValue>
										<UML:Expression/>
									</UML:Attribute.initialValue>
									<UML:StructuralFeature.type>
										<UML:Classifier xmi.idref="eaxmiid0"/>
									</UML:StructuralFeature.type>
									<UML:ModelElement.taggedValue>
										<UML:TaggedValue tag="type" value="&lt;undefined&gt;"/>
										<UML:TaggedValue tag="length" value="0"/>
										<UML:TaggedValue tag="ordered" value="0"/>
										<UML:TaggedValue tag="precision" value="0"/>
										<UML:TaggedValue tag="scale" value="0"/>
										<UML:TaggedValue tag="collection" value="false"/>
										<UML:TaggedValue tag="position" value="38"/>
										<UML:TaggedValue tag="lowerBound" value="1"/>
										<UML:TaggedValue tag="upperBound" value="1"/>
										<UML:TaggedValue tag="ea_guid" value="{2E16E5BD-2C76-4c60-B051-2A3CE12C41A3}"/>
										<UML:TaggedValue tag="ea_localid" value="872"/>
									</UML:ModelElement.taggedValue>
								</UML:Attribute>
								<UML:Attribute name="Spanish" changeable="none" visibility="public" ownerScope="instance" targetScope="instance">
									<UML:Attribute.initialValue>
										<UML:Expression/>
									</UML:Attribute.initialValue>
									<UML:StructuralFeature.type>
										<UML:Classifier xmi.idref="eaxmiid0"/>
									</UML:StructuralFeature.type>
									<UML:ModelElement.taggedValue>
										<UML:TaggedValue tag="type" value="&lt;undefined&gt;"/>
										<UML:TaggedValue tag="length" value="0"/>
										<UML:TaggedValue tag="ordered" value="0"/>
										<UML:TaggedValue tag="precision" value="0"/>
										<UML:TaggedValue tag="scale" value="0"/>
										<UML:TaggedValue tag="collection" value="false"/>
										<UML:TaggedValue tag="position" value="39"/>
										<UML:TaggedValue tag="lowerBound" value="1"/>
										<UML:TaggedValue tag="upperBound" value="1"/>
										<UML:TaggedValue tag="ea_guid" value="{DA42ABC2-1AF3-4ddf-8887-F7D17FED7899}"/>
										<UML:TaggedValue tag="ea_localid" value="873"/>
									</UML:ModelElement.taggedValue>
								</UML:Attribute>
								<UML:Attribute name="Swahili" changeable="none" visibility="public" ownerScope="instance" targetScope="instance">
									<UML:Attribute.initialValue>
										<UML:Expression/>
									</UML:Attribute.initialValue>
									<UML:StructuralFeature.type>
										<UML:Classifier xmi.idref="eaxmiid0"/>
									</UML:StructuralFeature.type>
									<UML:ModelElement.taggedValue>
										<UML:TaggedValue tag="type" value="&lt;undefined&gt;"/>
										<UML:TaggedValue tag="length" value="0"/>
										<UML:TaggedValue tag="ordered" value="0"/>
										<UML:TaggedValue tag="precision" value="0"/>
										<UML:TaggedValue tag="scale" value="0"/>
										<UML:TaggedValue tag="collection" value="false"/>
										<UML:TaggedValue tag="position" value="40"/>
										<UML:TaggedValue tag="lowerBound" value="1"/>
										<UML:TaggedValue tag="upperBound" value="1"/>
										<UML:TaggedValue tag="ea_guid" value="{F7C73DA9-913B-4306-BADE-583CD4C16949}"/>
										<UML:TaggedValue tag="ea_localid" value="874"/>
									</UML:ModelElement.taggedValue>
								</UML:Attribute>
								<UML:Attribute name="Swedish" changeable="none" visibility="public" ownerScope="instance" targetScope="instance">
									<UML:Attribute.initialValue>
										<UML:Expression/>
									</UML:Attribute.initialValue>
									<UML:StructuralFeature.type>
										<UML:Classifier xmi.idref="eaxmiid0"/>
									</UML:StructuralFeature.type>
									<UML:ModelElement.taggedValue>
										<UML:TaggedValue tag="type" value="&lt;undefined&gt;"/>
										<UML:TaggedValue tag="length" value="0"/>
										<UML:TaggedValue tag="ordered" value="0"/>
										<UML:TaggedValue tag="precision" value="0"/>
										<UML:TaggedValue tag="scale" value="0"/>
										<UML:TaggedValue tag="collection" value="false"/>
										<UML:TaggedValue tag="position" value="41"/>
										<UML:TaggedValue tag="lowerBound" value="1"/>
										<UML:TaggedValue tag="upperBound" value="1"/>
										<UML:TaggedValue tag="ea_guid" value="{8ABEA8A6-192C-45ae-ABD5-97BA953EAF13}"/>
										<UML:TaggedValue tag="ea_localid" value="875"/>
									</UML:ModelElement.taggedValue>
								</UML:Attribute>
								<UML:Attribute name="Turkish" changeable="none" visibility="public" ownerScope="instance" targetScope="instance">
									<UML:Attribute.initialValue>
										<UML:Expression/>
									</UML:Attribute.initialValue>
									<UML:StructuralFeature.type>
										<UML:Classifier xmi.idref="eaxmiid0"/>
									</UML:StructuralFeature.type>
									<UML:ModelElement.taggedValue>
										<UML:TaggedValue tag="type" value="&lt;undefined&gt;"/>
										<UML:TaggedValue tag="length" value="0"/>
										<UML:TaggedValue tag="ordered" value="0"/>
										<UML:TaggedValue tag="precision" value="0"/>
										<UML:TaggedValue tag="scale" value="0"/>
										<UML:TaggedValue tag="collection" value="false"/>
										<UML:TaggedValue tag="position" value="42"/>
										<UML:TaggedValue tag="lowerBound" value="1"/>
										<UML:TaggedValue tag="upperBound" value="1"/>
										<UML:TaggedValue tag="ea_guid" value="{40A0B4CB-A0B1-4a72-A0E5-BB40C9DA339F}"/>
										<UML:TaggedValue tag="ea_localid" value="876"/>
									</UML:ModelElement.taggedValue>
								</UML:Attribute>
								<UML:Attribute name="Ukranian" changeable="none" visibility="public" ownerScope="instance" targetScope="instance">
									<UML:Attribute.initialValue>
										<UML:Expression/>
									</UML:Attribute.initialValue>
									<UML:StructuralFeature.type>
										<UML:Classifier xmi.idref="eaxmiid0"/>
									</UML:StructuralFeature.type>
									<UML:ModelElement.taggedValue>
										<UML:TaggedValue tag="type" value="&lt;undefined&gt;"/>
										<UML:TaggedValue tag="length" value="0"/>
										<UML:TaggedValue tag="ordered" value="0"/>
										<UML:TaggedValue tag="precision" value="0"/>
										<UML:TaggedValue tag="scale" value="0"/>
										<UML:TaggedValue tag="collection" value="false"/>
										<UML:TaggedValue tag="position" value="43"/>
										<UML:TaggedValue tag="lowerBound" value="1"/>
										<UML:TaggedValue tag="upperBound" value="1"/>
										<UML:TaggedValue tag="ea_guid" value="{C1A44BF9-FB3D-444d-8E7E-DFAB31906004}"/>
										<UML:TaggedValue tag="ea_localid" value="877"/>
									</UML:ModelElement.taggedValue>
								</UML:Attribute>
							</UML:Classifier.feature>
						</UML:Class>
						<UML:Dependency client="EAID_8FB207E4_57D8_4b63_8CD8_326398D5BB17" supplier="EAID_717DD03D_848B_40ae_A76B_71AB0B980A9D" xmi.id="EAID_07202E9D_6274_43ea_95A4_F30FCB57637B" visibility="public">
							<UML:ModelElement.taggedValue>
								<UML:TaggedValue tag="style" value="3"/>
								<UML:TaggedValue tag="ea_type" value="Dependency"/>
								<UML:TaggedValue tag="direction" value="Source -&gt; Destination"/>
								<UML:TaggedValue tag="linemode" value="3"/>
								<UML:TaggedValue tag="linecolor" value="0"/>
								<UML:TaggedValue tag="linewidth" value="0"/>
								<UML:TaggedValue tag="seqno" value="0"/>
								<UML:TaggedValue tag="headStyle" value="0"/>
								<UML:TaggedValue tag="lineStyle" value="0"/>
								<UML:TaggedValue tag="ea_localid" value="2145"/>
								<UML:TaggedValue tag="ea_sourceName" value="ISO 19132 LBS Reference Model"/>
								<UML:TaggedValue tag="ea_targetName" value="ISO 00639 Language Codes"/>
								<UML:TaggedValue tag="ea_sourceType" value="Package"/>
								<UML:TaggedValue tag="ea_targetType" value="Package"/>
								<UML:TaggedValue tag="ea_sourceID" value="546"/>
								<UML:TaggedValue tag="ea_targetID" value="618"/>
								<UML:TaggedValue tag="src_visibility" value="Public"/>
								<UML:TaggedValue tag="src_aggregation" value="0"/>
								<UML:TaggedValue tag="src_isOrdered" value="false"/>
								<UML:TaggedValue tag="src_isNavigable" value="false"/>
								<UML:TaggedValue tag="src_style" value="Owned=0;Navigable=Non-Navigable;"/>
								<UML:TaggedValue tag="dst_visibility" value="Public"/>
								<UML:TaggedValue tag="dst_aggregation" value="0"/>
								<UML:TaggedValue tag="dst_isOrdered" value="false"/>
								<UML:TaggedValue tag="dst_isNavigable" value="false"/>
								<UML:TaggedValue tag="dst_style" value="Owned=0;Navigable=Navigable;"/>
							</UML:ModelElement.taggedValue>
						</UML:Dependency>
						<UML:Dependency client="EAID_5B789AA2_7CDB_448c_8B67_0E360DF35CE2" supplier="EAID_717DD03D_848B_40ae_A76B_71AB0B980A9D" xmi.id="EAID_16B84716_D1FE_444d_8E1D_2D7920A4FD35" visibility="public">
							<UML:ModelElement.taggedValue>
								<UML:TaggedValue tag="style" value="3"/>
								<UML:TaggedValue tag="ea_type" value="Dependency"/>
								<UML:TaggedValue tag="direction" value="Source -&gt; Destination"/>
								<UML:TaggedValue tag="linemode" value="3"/>
								<UML:TaggedValue tag="linecolor" value="0"/>
								<UML:TaggedValue tag="linewidth" value="0"/>
								<UML:TaggedValue tag="seqno" value="0"/>
								<UML:TaggedValue tag="headStyle" value="0"/>
								<UML:TaggedValue tag="lineStyle" value="0"/>
								<UML:TaggedValue tag="ea_localid" value="727"/>
								<UML:TaggedValue tag="ea_sourceName" value="ISO 19135 Procedures for Registration"/>
								<UML:TaggedValue tag="ea_targetName" value="ISO 00639 Language Codes"/>
								<UML:TaggedValue tag="ea_sourceType" value="Package"/>
								<UML:TaggedValue tag="ea_targetType" value="Package"/>
								<UML:TaggedValue tag="ea_sourceID" value="1433"/>
								<UML:TaggedValue tag="ea_targetID" value="618"/>
								<UML:TaggedValue tag="src_visibility" value="Public"/>
								<UML:TaggedValue tag="src_aggregation" value="0"/>
								<UML:TaggedValue tag="src_isOrdered" value="false"/>
								<UML:TaggedValue tag="src_isNavigable" value="false"/>
								<UML:TaggedValue tag="src_style" value="Owned=0;Navigable=Non-Navigable;"/>
								<UML:TaggedValue tag="dst_visibility" value="Public"/>
								<UML:TaggedValue tag="dst_aggregation" value="0"/>
								<UML:TaggedValue tag="dst_isOrdered" value="false"/>
								<UML:TaggedValue tag="dst_isNavigable" value="false"/>
								<UML:TaggedValue tag="dst_style" value="Owned=0;Navigable=Navigable;"/>
							</UML:ModelElement.taggedValue>
						</UML:Dependency>
						<UML:Dependency client="EAID_BC933ACB_A617_4784_9DC3_95EA2B6FAADF" supplier="EAID_717DD03D_848B_40ae_A76B_71AB0B980A9D" xmi.id="EAID_254D8309_905E_4cc0_8820_9329843EE80E" visibility="public">
							<UML:ModelElement.taggedValue>
								<UML:TaggedValue tag="style" value="3"/>
								<UML:TaggedValue tag="ea_type" value="Dependency"/>
								<UML:TaggedValue tag="direction" value="Source -&gt; Destination"/>
								<UML:TaggedValue tag="linemode" value="3"/>
								<UML:TaggedValue tag="linecolor" value="0"/>
								<UML:TaggedValue tag="linewidth" value="0"/>
								<UML:TaggedValue tag="seqno" value="0"/>
								<UML:TaggedValue tag="headStyle" value="0"/>
								<UML:TaggedValue tag="lineStyle" value="0"/>
								<UML:TaggedValue tag="ea_localid" value="365"/>
								<UML:TaggedValue tag="ea_sourceName" value="ISO 19139 Metadata XML implementation"/>
								<UML:TaggedValue tag="ea_targetName" value="ISO 00639 Language Codes"/>
								<UML:TaggedValue tag="ea_sourceType" value="Package"/>
								<UML:TaggedValue tag="ea_targetType" value="Package"/>
								<UML:TaggedValue tag="ea_sourceID" value="1705"/>
								<UML:TaggedValue tag="ea_targetID" value="618"/>
								<UML:TaggedValue tag="src_visibility" value="Public"/>
								<UML:TaggedValue tag="src_aggregation" value="0"/>
								<UML:TaggedValue tag="src_isOrdered" value="false"/>
								<UML:TaggedValue tag="src_isNavigable" value="false"/>
								<UML:TaggedValue tag="src_style" value="Owned=0;Navigable=Non-Navigable;"/>
								<UML:TaggedValue tag="dst_visibility" value="Public"/>
								<UML:TaggedValue tag="dst_aggregation" value="0"/>
								<UML:TaggedValue tag="dst_isOrdered" value="false"/>
								<UML:TaggedValue tag="dst_isNavigable" value="false"/>
								<UML:TaggedValue tag="dst_style" value="Owned=0;Navigable=Navigable;"/>
							</UML:ModelElement.taggedValue>
						</UML:Dependency>
						<UML:Dependency client="EAID_5E36D833_1A3A_486e_B93C_123E8B49C8CB" supplier="EAID_717DD03D_848B_40ae_A76B_71AB0B980A9D" xmi.id="EAID_4BE8FD1E_4C98_44f9_A0BB_1E8356386D81" visibility="public">
							<UML:ModelElement.taggedValue>
								<UML:TaggedValue tag="style" value="3"/>
								<UML:TaggedValue tag="ea_type" value="Dependency"/>
								<UML:TaggedValue tag="direction" value="Source -&gt; Destination"/>
								<UML:TaggedValue tag="linemode" value="3"/>
								<UML:TaggedValue tag="linecolor" value="0"/>
								<UML:TaggedValue tag="linewidth" value="0"/>
								<UML:TaggedValue tag="seqno" value="0"/>
								<UML:TaggedValue tag="headStyle" value="0"/>
								<UML:TaggedValue tag="lineStyle" value="0"/>
								<UML:TaggedValue tag="ea_localid" value="299"/>
								<UML:TaggedValue tag="ea_sourceName" value="Cultural and linguistic adapdability"/>
								<UML:TaggedValue tag="ea_targetName" value="ISO 00639 Language Codes"/>
								<UML:TaggedValue tag="ea_sourceType" value="Package"/>
								<UML:TaggedValue tag="ea_targetType" value="Package"/>
								<UML:TaggedValue tag="ea_sourceID" value="1732"/>
								<UML:TaggedValue tag="ea_targetID" value="618"/>
								<UML:TaggedValue tag="src_visibility" value="Public"/>
								<UML:TaggedValue tag="src_aggregation" value="0"/>
								<UML:TaggedValue tag="src_isOrdered" value="false"/>
								<UML:TaggedValue tag="src_isNavigable" value="false"/>
								<UML:TaggedValue tag="src_style" value="Owned=0;Navigable=Non-Navigable;"/>
								<UML:TaggedValue tag="dst_visibility" value="Public"/>
								<UML:TaggedValue tag="dst_aggregation" value="0"/>
								<UML:TaggedValue tag="dst_isOrdered" value="false"/>
								<UML:TaggedValue tag="dst_isNavigable" value="false"/>
								<UML:TaggedValue tag="dst_style" value="Owned=0;Navigable=Navigable;"/>
							</UML:ModelElement.taggedValue>
						</UML:Dependency>
						<UML:Dependency client="EAID_F7F743FA_2514_4338_B094_08E3A81C0632" supplier="EAID_717DD03D_848B_40ae_A76B_71AB0B980A9D" xmi.id="EAID_4FCE540E_007A_4667_9886_DC935B38D675" visibility="public">
							<UML:ModelElement.taggedValue>
								<UML:TaggedValue tag="style" value="3"/>
								<UML:TaggedValue tag="ea_type" value="Dependency"/>
								<UML:TaggedValue tag="direction" value="Source -&gt; Destination"/>
								<UML:TaggedValue tag="linemode" value="3"/>
								<UML:TaggedValue tag="linecolor" value="0"/>
								<UML:TaggedValue tag="linewidth" value="0"/>
								<UML:TaggedValue tag="seqno" value="0"/>
								<UML:TaggedValue tag="headStyle" value="0"/>
								<UML:TaggedValue tag="lineStyle" value="0"/>
								<UML:TaggedValue tag="ea_localid" value="2064"/>
								<UML:TaggedValue tag="ea_sourceName" value="Message Data Types"/>
								<UML:TaggedValue tag="ea_targetName" value="ISO 00639 Language Codes"/>
								<UML:TaggedValue tag="ea_sourceType" value="Package"/>
								<UML:TaggedValue tag="ea_targetType" value="Package"/>
								<UML:TaggedValue tag="ea_sourceID" value="588"/>
								<UML:TaggedValue tag="ea_targetID" value="618"/>
								<UML:TaggedValue tag="src_visibility" value="Public"/>
								<UML:TaggedValue tag="src_aggregation" value="0"/>
								<UML:TaggedValue tag="src_isOrdered" value="false"/>
								<UML:TaggedValue tag="src_isNavigable" value="false"/>
								<UML:TaggedValue tag="src_style" value="Owned=0;Navigable=Non-Navigable;"/>
								<UML:TaggedValue tag="dst_visibility" value="Public"/>
								<UML:TaggedValue tag="dst_aggregation" value="0"/>
								<UML:TaggedValue tag="dst_isOrdered" value="false"/>
								<UML:TaggedValue tag="dst_isNavigable" value="false"/>
								<UML:TaggedValue tag="dst_style" value="Owned=0;Navigable=Navigable;"/>
							</UML:ModelElement.taggedValue>
						</UML:Dependency>
						<UML:Dependency client="EAID_ABB034A4_A9AC_44e9_9D50_6ED0D0F087E4" supplier="EAID_717DD03D_848B_40ae_A76B_71AB0B980A9D" xmi.id="EAID_6C8BEF3E_1AE0_40f5_A9D4_FF5C2B73B0F0" visibility="public">
							<UML:ModelElement.taggedValue>
								<UML:TaggedValue tag="style" value="3"/>
								<UML:TaggedValue tag="ea_type" value="Dependency"/>
								<UML:TaggedValue tag="direction" value="Source -&gt; Destination"/>
								<UML:TaggedValue tag="linemode" value="3"/>
								<UML:TaggedValue tag="linecolor" value="0"/>
								<UML:TaggedValue tag="linewidth" value="0"/>
								<UML:TaggedValue tag="seqno" value="0"/>
								<UML:TaggedValue tag="headStyle" value="0"/>
								<UML:TaggedValue tag="lineStyle" value="0"/>
								<UML:TaggedValue tag="ea_localid" value="1791"/>
								<UML:TaggedValue tag="ea_sourceName" value="ISO 19115 Metadata"/>
								<UML:TaggedValue tag="ea_targetName" value="ISO 00639 Language Codes"/>
								<UML:TaggedValue tag="ea_sourceType" value="Package"/>
								<UML:TaggedValue tag="ea_targetType" value="Package"/>
								<UML:TaggedValue tag="ea_sourceID" value="828"/>
								<UML:TaggedValue tag="ea_targetID" value="618"/>
								<UML:TaggedValue tag="src_visibility" value="Public"/>
								<UML:TaggedValue tag="src_aggregation" value="0"/>
								<UML:TaggedValue tag="src_isOrdered" value="false"/>
								<UML:TaggedValue tag="src_isNavigable" value="false"/>
								<UML:TaggedValue tag="src_style" value="Owned=0;Navigable=Non-Navigable;"/>
								<UML:TaggedValue tag="dst_visibility" value="Public"/>
								<UML:TaggedValue tag="dst_aggregation" value="0"/>
								<UML:TaggedValue tag="dst_isOrdered" value="false"/>
								<UML:TaggedValue tag="dst_isNavigable" value="false"/>
								<UML:TaggedValue tag="dst_style" value="Owned=0;Navigable=Navigable;"/>
							</UML:ModelElement.taggedValue>
						</UML:Dependency>
					</UML:Namespace.ownedElement>
				</UML:Package>
				<UML:DataType xmi.id="eaxmiid0" name="&lt;undefined&gt;" visibility="private" isRoot="false" isLeaf="false" isAbstract="false"/>
			</UML:Namespace.ownedElement>
		</UML:Model>
		<UML:TaggedValue tag="persistence" xmi.id="EAID_3CF146BE_607D_4b3c_A307_2AE5FF0B1EBE" value="persistent" modelElement="EAID_4666C0A4_FC3B_4e9c_8D57_F185B17A1537"/>
		<UML:Diagram name="Language" xmi.id="EAID_ABC739BC_71A8_48c9_81AF_E0DB31103C76" diagramType="ClassDiagram" owner="EAPK_717DD03D_848B_40ae_A76B_71AB0B980A9D" toolName="Enterprise Architect 2.5">
			<UML:ModelElement.taggedValue>
				<UML:TaggedValue tag="author" value="jrherrin"/>
				<UML:TaggedValue tag="created_date" value="2008-04-10 12:16:54"/>
				<UML:TaggedValue tag="modified_date" value="2008-04-10 12:16:54"/>
				<UML:TaggedValue tag="package" value="EAPK_717DD03D_848B_40ae_A76B_71AB0B980A9D"/>
				<UML:TaggedValue tag="type" value="Logical"/>
				<UML:TaggedValue tag="swimlanes" value="locked=false;orientation=0;width=0;inbar=false;names=false;color=0;bold=false;fcol=0;;cls=0;"/>
				<UML:TaggedValue tag="matrixitems" value="locked=false;matrixactive=false;swimlanesactive=true;width=1;"/>
				<UML:TaggedValue tag="ea_localid" value="718"/>
				<UML:TaggedValue tag="EAStyle" value="ShowPrivate=1;ShowProtected=1;ShowPublic=1;HideRelationships=0;Locked=0;Border=1;HighlightForeign=1;PackageContents=0;SequenceNotes=0;ScalePrintImage=1;PPgs.cx=0;PPgs.cy=0;DocSize.cx=1000;DocSize.cy=1000;ShowDetails=0;Orientation=P;Zoom=100;ShowTags=0;OpParams=1;VisibleAttributeDetail=0;ShowOpRetType=1;ShowIcons=1;CollabNums=1;HideProps=1;ShowReqs=0;ShowCons=0;PaperSize=1;HideParents=1;UseAlias=0;HideAtts=0;HideOps=0;HideStereo=0;HideElemStereo=0;ShowTests=0;ShowMaint=0;ConnectorNotation=UML 2.1;ExplicitNavigability=0;AdvancedElementProps=1;AdvancedFeatureProps=1;AdvancedConnectorProps=1;ShowNotes=0;SuppressBrackets=0;SuppConnectorLabels=0;PrintPageHeadFoot=0;ShowAsList=0;"/>
				<UML:TaggedValue tag="styleex" value="ExcludeRTF=0;DocAll=0;HideQuals=0;AttPkg=1;ShowTests=0;ShowMaint=0;SuppressFOC=0;MatrixActive=0;SwimlanesActive=1;MatrixLineWidth=1;MatrixLocked=0;TConnectorNotation=UML 2.1;TExplicitNavigability=0;AdvancedElementProps=1;AdvancedFeatureProps=1;AdvancedConnectorProps=1;ProfileData=;MDGDgm=;STBLDgm=;ShowNotes=0;VisibleAttributeDetail=0;ShowOpRetType=1;SuppressBrackets=0;SuppConnectorLabels=0;PrintPageHeadFoot=0;ShowAsList=0;"/>
			</UML:ModelElement.taggedValue>
			<UML:Diagram.element>
				<UML:DiagramElement geometry="Left=63;Top=310;Right=177;Bottom=362;" subject="EAID_4666C0A4_FC3B_4e9c_8D57_F185B17A1537" seqno="1" style="DUID=08DA4127;"/>
			</UML:Diagram.element>
		</UML:Diagram>
		<UML:Diagram name="Context Diagram: LanguageCode" xmi.id="EAID_1AAB0546_6A5E_4db7_ADBD_CF948FF5535F" diagramType="ClassDiagram" owner="EAPK_717DD03D_848B_40ae_A76B_71AB0B980A9D" toolName="Enterprise Architect 2.5">
			<UML:ModelElement.taggedValue>
				<UML:TaggedValue tag="author" value="jrherrin"/>
				<UML:TaggedValue tag="created_date" value="2008-04-10 12:16:54"/>
				<UML:TaggedValue tag="modified_date" value="2008-04-10 12:16:54"/>
				<UML:TaggedValue tag="package" value="EAPK_717DD03D_848B_40ae_A76B_71AB0B980A9D"/>
				<UML:TaggedValue tag="type" value="Logical"/>
				<UML:TaggedValue tag="swimlanes" value="locked=false;orientation=0;width=0;inbar=false;names=false;color=0;bold=false;fcol=0;;cls=0;"/>
				<UML:TaggedValue tag="matrixitems" value="locked=false;matrixactive=false;swimlanesactive=true;width=1;"/>
				<UML:TaggedValue tag="ea_localid" value="719"/>
				<UML:TaggedValue tag="EAStyle" value="ShowPrivate=1;ShowProtected=1;ShowPublic=1;HideRelationships=0;Locked=0;Border=1;HighlightForeign=1;PackageContents=0;SequenceNotes=0;ScalePrintImage=1;PPgs.cx=0;PPgs.cy=0;DocSize.cx=1000;DocSize.cy=1000;ShowDetails=0;Orientation=P;Zoom=100;ShowTags=0;OpParams=1;VisibleAttributeDetail=0;ShowOpRetType=1;ShowIcons=1;CollabNums=1;HideProps=1;ShowReqs=0;ShowCons=0;PaperSize=1;HideParents=1;UseAlias=0;HideAtts=0;HideOps=0;HideStereo=0;HideElemStereo=0;ShowTests=0;ShowMaint=0;ConnectorNotation=UML 2.1;ExplicitNavigability=0;AdvancedElementProps=1;AdvancedFeatureProps=1;AdvancedConnectorProps=1;ShowNotes=0;SuppressBrackets=0;SuppConnectorLabels=0;PrintPageHeadFoot=0;ShowAsList=0;"/>
				<UML:TaggedValue tag="styleex" value="ExcludeRTF=0;DocAll=0;HideQuals=0;AttPkg=1;ShowTests=0;ShowMaint=0;SuppressFOC=0;MatrixActive=0;SwimlanesActive=1;MatrixLineWidth=1;MatrixLocked=0;TConnectorNotation=UML 2.1;TExplicitNavigability=0;AdvancedElementProps=1;AdvancedFeatureProps=1;AdvancedConnectorProps=1;ProfileData=;MDGDgm=;STBLDgm=;ShowNotes=0;VisibleAttributeDetail=0;ShowOpRetType=1;SuppressBrackets=0;SuppConnectorLabels=0;PrintPageHeadFoot=0;ShowAsList=0;"/>
			</UML:ModelElement.taggedValue>
			<UML:Diagram.element>
				<UML:DiagramElement geometry="Left=13;Top=316;Right=127;Bottom=368;" subject="EAID_4666C0A4_FC3B_4e9c_8D57_F185B17A1537" seqno="1" style="DUID=4596809E;"/>
			</UML:Diagram.element>
		</UML:Diagram>
		<UML:DiagramElement geometry="Left=312;Top=7;Right=466;Bottom=675;" subject="EAID_4666C0A4_FC3B_4e9c_8D57_F185B17A1537" seqno="0">
			<UML:ModelElement.taggedValue>
				<UML:TaggedValue tag="diagram_guid" value="EAID_289E8E2E_4F9B_4d4e_9425_BC480FF59BB6"/>
			</UML:ModelElement.taggedValue>
		</UML:DiagramElement>
		<UML:DiagramElement geometry="Left=242;Top=76;Right=396;Bottom=126;" subject="EAID_4666C0A4_FC3B_4e9c_8D57_F185B17A1537" seqno="0">
			<UML:ModelElement.taggedValue>
				<UML:TaggedValue tag="diagram_guid" value="EAID_A71A80BD_14A6_4bed_A521_5102147FCE44"/>
			</UML:ModelElement.taggedValue>
		</UML:DiagramElement>
		<UML:DiagramElement geometry="Left=318;Top=73;Right=474;Bottom=123;" subject="EAID_4666C0A4_FC3B_4e9c_8D57_F185B17A1537" seqno="0">
			<UML:ModelElement.taggedValue>
				<UML:TaggedValue tag="diagram_guid" value="EAID_A78B4F0F_D85F_49bd_8CCF_DC7344441685"/>
			</UML:ModelElement.taggedValue>
		</UML:DiagramElement>
		<UML:DiagramElement geometry="Left=340;Top=362;Right=496;Bottom=412;" subject="EAID_4666C0A4_FC3B_4e9c_8D57_F185B17A1537" seqno="0">
			<UML:ModelElement.taggedValue>
				<UML:TaggedValue tag="diagram_guid" value="EAID_ABD59516_16FC_4bb2_BCF5_115943ABBA27"/>
			</UML:ModelElement.taggedValue>
		</UML:DiagramElement>
		<UML:DiagramElement geometry="Left=330;Top=50;Right=486;Bottom=100;" subject="EAID_4666C0A4_FC3B_4e9c_8D57_F185B17A1537" seqno="0">
			<UML:ModelElement.taggedValue>
				<UML:TaggedValue tag="diagram_guid" value="EAID_0739FCBC_2FEB_4250_8EDB_7C45039FE352"/>
			</UML:ModelElement.taggedValue>
		</UML:DiagramElement>
		<UML:DiagramElement geometry=" 1655, 428, 201, 203," subject="EAID_07202E9D_6274_43ea_95A4_F30FCB57637B" style="CategoryDependency">
			<UML:ModelElement.taggedValue>
				<UML:TaggedValue tag="diagram_guid" value="EAID_85469F6F_A4C8_4e07_AEE1_FE1D50B83138"/>
				<UML:TaggedValue tag="hidden" value="0"/>
			</UML:ModelElement.taggedValue>
		</UML:DiagramElement>
		<UML:DiagramElement geometry="EDGE=0;$LLB=;LLT=;LMT=;LMB=;LRT=;LRB=;IRHS=;ILHS=;" subject="EAID_07202E9D_6274_43ea_95A4_F30FCB57637B" style="Mode=3;EOID=B160337F;SOID=E7D596D1;Color=-1;LWidth=0;">
			<UML:ModelElement.taggedValue>
				<UML:TaggedValue tag="diagram_guid" value="EAID_B2AE0A54_EFC7_4c47_A28A_521A828EEFB1"/>
				<UML:TaggedValue tag="hidden" value="255"/>
			</UML:ModelElement.taggedValue>
		</UML:DiagramElement>
		<UML:DiagramElement geometry=" 4058, 467, 874, 302," subject="EAID_07202E9D_6274_43ea_95A4_F30FCB57637B" style="CategoryDependency">
			<UML:ModelElement.taggedValue>
				<UML:TaggedValue tag="diagram_guid" value="EAID_68BE2135_6EA5_46d8_924B_4A419C8A0AD1"/>
				<UML:TaggedValue tag="hidden" value="0"/>
			</UML:ModelElement.taggedValue>
		</UML:DiagramElement>
		<UML:DiagramElement geometry=" 2083, 428, 199, 203," subject="EAID_16B84716_D1FE_444d_8E1D_2D7920A4FD35" style="CategoryDependency">
			<UML:ModelElement.taggedValue>
				<UML:TaggedValue tag="diagram_guid" value="EAID_85469F6F_A4C8_4e07_AEE1_FE1D50B83138"/>
				<UML:TaggedValue tag="hidden" value="0"/>
			</UML:ModelElement.taggedValue>
		</UML:DiagramElement>
		<UML:DiagramElement geometry="EDGE=0;$LLB=;LLT=;LMT=;LMB=;LRT=;LRB=;IRHS=;ILHS=;" subject="EAID_16B84716_D1FE_444d_8E1D_2D7920A4FD35" style="Mode=3;EOID=B160337F;SOID=592C961B;Color=-1;LWidth=0;">
			<UML:ModelElement.taggedValue>
				<UML:TaggedValue tag="diagram_guid" value="EAID_B2AE0A54_EFC7_4c47_A28A_521A828EEFB1"/>
				<UML:TaggedValue tag="hidden" value="255"/>
			</UML:ModelElement.taggedValue>
		</UML:DiagramElement>
		<UML:DiagramElement geometry=" 727, 890, 155, 359," subject="EAID_16B84716_D1FE_444d_8E1D_2D7920A4FD35" style="CategoryDependency">
			<UML:ModelElement.taggedValue>
				<UML:TaggedValue tag="diagram_guid" value="EAID_786007AC_4DFD_4c16_B270_01FA40D19CFA"/>
				<UML:TaggedValue tag="hidden" value="0"/>
			</UML:ModelElement.taggedValue>
		</UML:DiagramElement>
		<UML:DiagramElement geometry="EDGE=0;$LLB=;LLT=;LMT=;LMB=;LRT=;LRB=;IRHS=;ILHS=;" subject="EAID_254D8309_905E_4cc0_8820_9329843EE80E" style="Mode=3;EOID=B160337F;SOID=C0376992;Color=-1;LWidth=0;">
			<UML:ModelElement.taggedValue>
				<UML:TaggedValue tag="diagram_guid" value="EAID_B2AE0A54_EFC7_4c47_A28A_521A828EEFB1"/>
				<UML:TaggedValue tag="hidden" value="255"/>
			</UML:ModelElement.taggedValue>
		</UML:DiagramElement>
		<UML:DiagramElement geometry=" 2394, 468, 726, 283," subject="EAID_254D8309_905E_4cc0_8820_9329843EE80E" style="CategoryDependency">
			<UML:ModelElement.taggedValue>
				<UML:TaggedValue tag="diagram_guid" value="EAID_85469F6F_A4C8_4e07_AEE1_FE1D50B83138"/>
				<UML:TaggedValue tag="hidden" value="0"/>
			</UML:ModelElement.taggedValue>
		</UML:DiagramElement>
		<UML:DiagramElement geometry=" 652, 494, 503, 443," subject="EAID_254D8309_905E_4cc0_8820_9329843EE80E" style="CategoryDependency">
			<UML:ModelElement.taggedValue>
				<UML:TaggedValue tag="diagram_guid" value="EAID_38044540_01A1_452b_B0CA_A820D4EA33FC"/>
				<UML:TaggedValue tag="hidden" value="0"/>
			</UML:ModelElement.taggedValue>
		</UML:DiagramElement>
		<UML:DiagramElement geometry=" " subject="EAID_254D8309_905E_4cc0_8820_9329843EE80E" style="Mode=3;">
			<UML:ModelElement.taggedValue>
				<UML:TaggedValue tag="diagram_guid" value="EAID_A784A8FB_6332_4c8d_8C01_5DCB2422F9FA"/>
				<UML:TaggedValue tag="hidden" value="255"/>
			</UML:ModelElement.taggedValue>
		</UML:DiagramElement>
		<UML:DiagramElement geometry=" 1052, 598, 467, 173," subject="EAID_4BE8FD1E_4C98_44f9_A0BB_1E8356386D81" style="CategoryDependency">
			<UML:ModelElement.taggedValue>
				<UML:TaggedValue tag="diagram_guid" value="EAID_622F2FB5_0E25_4354_A548_212EBD45E087"/>
				<UML:TaggedValue tag="hidden" value="0"/>
			</UML:ModelElement.taggedValue>
		</UML:DiagramElement>
		<UML:DiagramElement geometry=" 1106, 461, 1211, 335," subject="EAID_4BE8FD1E_4C98_44f9_A0BB_1E8356386D81" style="CategoryDependency">
			<UML:ModelElement.taggedValue>
				<UML:TaggedValue tag="diagram_guid" value="EAID_85469F6F_A4C8_4e07_AEE1_FE1D50B83138"/>
				<UML:TaggedValue tag="hidden" value="0"/>
			</UML:ModelElement.taggedValue>
		</UML:DiagramElement>
		<UML:DiagramElement geometry=" 1364, 448, 695, 305," subject="EAID_4FCE540E_007A_4667_9886_DC935B38D675" style="CategoryDependency">
			<UML:ModelElement.taggedValue>
				<UML:TaggedValue tag="diagram_guid" value="EAID_85469F6F_A4C8_4e07_AEE1_FE1D50B83138"/>
				<UML:TaggedValue tag="hidden" value="0"/>
			</UML:ModelElement.taggedValue>
		</UML:DiagramElement>
		<UML:DiagramElement geometry=" 4128, 432, 173, 208," subject="EAID_4FCE540E_007A_4667_9886_DC935B38D675" style="CategoryDependency">
			<UML:ModelElement.taggedValue>
				<UML:TaggedValue tag="diagram_guid" value="EAID_35F46972_489C_42aa_85B6_AFFCE0C09907"/>
				<UML:TaggedValue tag="hidden" value="0"/>
			</UML:ModelElement.taggedValue>
		</UML:DiagramElement>
		<UML:DiagramElement geometry=" " subject="EAID_6C8BEF3E_1AE0_40f5_A9D4_FF5C2B73B0F0" style="Mode=3;">
			<UML:ModelElement.taggedValue>
				<UML:TaggedValue tag="diagram_guid" value="EAID_622F2FB5_0E25_4354_A548_212EBD45E087"/>
				<UML:TaggedValue tag="hidden" value="255"/>
			</UML:ModelElement.taggedValue>
		</UML:DiagramElement>
		<UML:DiagramElement geometry=" " subject="EAID_6C8BEF3E_1AE0_40f5_A9D4_FF5C2B73B0F0" style="Mode=3;">
			<UML:ModelElement.taggedValue>
				<UML:TaggedValue tag="diagram_guid" value="EAID_786007AC_4DFD_4c16_B270_01FA40D19CFA"/>
				<UML:TaggedValue tag="hidden" value="255"/>
			</UML:ModelElement.taggedValue>
		</UML:DiagramElement>
		<UML:DiagramElement geometry="EDGE=0;$LLB=;LLT=;LMT=;LMB=;LRT=;LRB=;IRHS=;ILHS=;" subject="EAID_6C8BEF3E_1AE0_40f5_A9D4_FF5C2B73B0F0" style="Mode=3;EOID=B160337F;SOID=32656B78;Color=-1;LWidth=0;">
			<UML:ModelElement.taggedValue>
				<UML:TaggedValue tag="diagram_guid" value="EAID_B2AE0A54_EFC7_4c47_A28A_521A828EEFB1"/>
				<UML:TaggedValue tag="hidden" value="255"/>
			</UML:ModelElement.taggedValue>
		</UML:DiagramElement>
		<UML:DiagramElement geometry=" 3842, 453, 3239, 402," subject="EAID_6C8BEF3E_1AE0_40f5_A9D4_FF5C2B73B0F0" style="CategoryDependency">
			<UML:ModelElement.taggedValue>
				<UML:TaggedValue tag="diagram_guid" value="EAID_A784A8FB_6332_4c8d_8C01_5DCB2422F9FA"/>
				<UML:TaggedValue tag="hidden" value="0"/>
			</UML:ModelElement.taggedValue>
		</UML:DiagramElement>
		<UML:DiagramElement geometry=" " subject="EAID_6C8BEF3E_1AE0_40f5_A9D4_FF5C2B73B0F0" style="Mode=3;">
			<UML:ModelElement.taggedValue>
				<UML:TaggedValue tag="diagram_guid" value="EAID_38044540_01A1_452b_B0CA_A820D4EA33FC"/>
				<UML:TaggedValue tag="hidden" value="255"/>
			</UML:ModelElement.taggedValue>
		</UML:DiagramElement>
		<UML:DiagramElement geometry=" 2750, 451, 1439, 363," subject="EAID_6C8BEF3E_1AE0_40f5_A9D4_FF5C2B73B0F0" style="CategoryDependency">
			<UML:ModelElement.taggedValue>
				<UML:TaggedValue tag="diagram_guid" value="EAID_85469F6F_A4C8_4e07_AEE1_FE1D50B83138"/>
				<UML:TaggedValue tag="hidden" value="0"/>
			</UML:ModelElement.taggedValue>
		</UML:DiagramElement>
	</XMI.content>
	<XMI.difference/>
	<XMI.extensions xmi.extender="Enterprise Architect 2.5">
		<EAStub xmi.id="EAID_8FB207E4_57D8_4b63_8CD8_326398D5BB17" name="ISO 19132 LBS Reference Model" UMLType="Package"/>
		<EAStub xmi.id="EAID_717DD03D_848B_40ae_A76B_71AB0B980A9D" name="ISO 00639 Language Codes" UMLType="Package"/>
		<EAStub xmi.id="EAID_5B789AA2_7CDB_448c_8B67_0E360DF35CE2" name="ISO 19135 Procedures for Registration" UMLType="Package"/>
		<EAStub xmi.id="EAID_BC933ACB_A617_4784_9DC3_95EA2B6FAADF" name="ISO 19139 Metadata XML implementation" UMLType="Package"/>
		<EAStub xmi.id="EAID_5E36D833_1A3A_486e_B93C_123E8B49C8CB" name="Cultural and linguistic adapdability" UMLType="Package"/>
		<EAStub xmi.id="EAID_F7F743FA_2514_4338_B094_08E3A81C0632" name="Message Data Types" UMLType="Package"/>
		<EAStub xmi.id="EAID_ABB034A4_A9AC_44e9_9D50_6ED0D0F087E4" name="ISO 19115 Metadata" UMLType="Package"/>
	</XMI.extensions>
</XMI>
