<?xml version="1.0" encoding="windows-1252"?>
<!DOCTYPE XMI SYSTEM "UML_EA.dtd">
<XMI xmi.version="1.1" xmlns:UML="omg.org/UML1.3" timestamp="2008-04-29 14:29:38">
	<XMI.header>
		<XMI.documentation>
			<XMI.exporter>Enterprise Architect</XMI.exporter>
			<XMI.exporterVersion>2.5</XMI.exporterVersion>
		</XMI.documentation>
	</XMI.header>
	<XMI.content>
		<UML:Model name="EA Model" xmi.id="MX_EAID_D90BD086_CCEB_4bc0_BD0E_A719D64F217C">
			<UML:Namespace.ownedElement>
				<UML:Class name="EARootClass" xmi.id="EAID_11111111_5487_4080_A7F4_41526CB0AA00" isRoot="true" isLeaf="false" isAbstract="false"/>
				<UML:Package name="ISO 03166 Country Codes" xmi.id="EAPK_D90BD086_CCEB_4bc0_BD0E_A719D64F217C" isRoot="false" isLeaf="false" isAbstract="false" visibility="public">
					<UML:ModelElement.taggedValue>
						<UML:TaggedValue tag="parent" value="EAID_4AD11F0C_FC53_4cec_9F38_6C742C27E085"/>
						<UML:TaggedValue tag="iscontrolled" value="FALSE"/>
						<UML:TaggedValue tag="isprotected" value="FALSE"/>
						<UML:TaggedValue tag="usedtd" value="FALSE"/>
						<UML:TaggedValue tag="logxml" value="FALSE"/>
						<UML:TaggedValue tag="packageFlags" value="CRC=0;"/>
						<UML:TaggedValue tag="ea_stype" value="Public"/>
						<UML:TaggedValue tag="tpos" value="0"/>
						<UML:TaggedValue tag="gentype" value="Java"/>
					</UML:ModelElement.taggedValue>
					<UML:Namespace.ownedElement>
						<UML:Class name="CountryCode" xmi.id="EAID_3D013C27_C2CC_4052_8F57_6B447F885F61" visibility="public" namespace="EAPK_D90BD086_CCEB_4bc0_BD0E_A719D64F217C" isRoot="true" isLeaf="true" isAbstract="false" isActive="false">
							<UML:ModelElement.stereotype>
								<UML:Stereotype name="CodeList"/>
							</UML:ModelElement.stereotype>
							<UML:ModelElement.taggedValue>
								<UML:TaggedValue tag="isSpecification" value="false"/>
								<UML:TaggedValue tag="ea_stype" value="Class"/>
								<UML:TaggedValue tag="ea_ntype" value="0"/>
								<UML:TaggedValue tag="package" value="EAPK_D90BD086_CCEB_4bc0_BD0E_A719D64F217C"/>
								<UML:TaggedValue tag="date_created" value="2008-04-10 12:16:39"/>
								<UML:TaggedValue tag="date_modified" value="2008-04-10 12:16:39"/>
								<UML:TaggedValue tag="tagged" value="0"/>
								<UML:TaggedValue tag="package_name" value="ISO 03166 Country Codes"/>
								<UML:TaggedValue tag="stereotype" value="CodeList"/>
								<UML:TaggedValue tag="persistence" value="Transient"/>
								<UML:TaggedValue tag="tpos" value="0"/>
								<UML:TaggedValue tag="ea_localid" value="1584"/>
								<UML:TaggedValue tag="ea_eleType" value="element"/>
								<UML:TaggedValue tag="$ea_attsclassified" value="{A5877305-7869-4b25-A365-AAE8436BCAED}"/>
								<UML:TaggedValue tag="style" value="BackColor=-1;BorderColor=-1;BorderWidth=-1;FontColor=-1;VSwimLanes=1;HSwimLanes=1;BorderStyle=0;"/>
								<UML:TaggedValue tag="$ea_xref_property" value="$XREFPROP=$XID={C6B47244-6FB7-48d8-8B87-4F8353756DF2}$XID;$NAM=CustomProperties$NAM;$TYP=element property$TYP;$VIS=Public$VIS;$DES=@PROP=@NAME=isActive@ENDNAME;@TYPE=Boolean@ENDTYPE;@VALU=@ENDVALU;@PRMT=@ENDPRMT;@ENDPROP;$DES;$CLT={3D013C27-C2CC-4052-8F57-6B447F885F61}$CLT;$SUP=&lt;none&gt;$SUP;$ENDXREF;$XREFPROP=$XID={F8488C9E-8799-4339-A2AD-46FC34408755}$XID;$NAM=Stereotypes$NAM;$TYP=element property$TYP;$VIS=Public$VIS;$DES=@STEREO;Name=CodeList;GUID={C1D47DFF-DB4E-466e-995A-43725A1FD5A3};Note=;@ENDSTEREO;$DES;$CLT={3D013C27-C2CC-4052-8F57-6B447F885F61}$CLT;$ENDXREF;"/>
							</UML:ModelElement.taggedValue>
						</UML:Class>
						<UML:Dependency client="EAID_BC933ACB_A617_4784_9DC3_95EA2B6FAADF" supplier="EAID_D90BD086_CCEB_4bc0_BD0E_A719D64F217C" xmi.id="EAID_CA706B48_6E2A_49a2_94B8_156DCD3DF718" visibility="public">
							<UML:ModelElement.taggedValue>
								<UML:TaggedValue tag="style" value="3"/>
								<UML:TaggedValue tag="ea_type" value="Dependency"/>
								<UML:TaggedValue tag="direction" value="Source -&gt; Destination"/>
								<UML:TaggedValue tag="linemode" value="3"/>
								<UML:TaggedValue tag="linecolor" value="0"/>
								<UML:TaggedValue tag="linewidth" value="0"/>
								<UML:TaggedValue tag="seqno" value="0"/>
								<UML:TaggedValue tag="headStyle" value="0"/>
								<UML:TaggedValue tag="lineStyle" value="0"/>
								<UML:TaggedValue tag="ea_localid" value="364"/>
								<UML:TaggedValue tag="ea_sourceName" value="ISO 19139 Metadata XML implementation"/>
								<UML:TaggedValue tag="ea_targetName" value="ISO 03166 Country Codes"/>
								<UML:TaggedValue tag="ea_sourceType" value="Package"/>
								<UML:TaggedValue tag="ea_targetType" value="Package"/>
								<UML:TaggedValue tag="ea_sourceID" value="1705"/>
								<UML:TaggedValue tag="ea_targetID" value="1583"/>
								<UML:TaggedValue tag="src_visibility" value="Public"/>
								<UML:TaggedValue tag="src_aggregation" value="0"/>
								<UML:TaggedValue tag="src_isOrdered" value="false"/>
								<UML:TaggedValue tag="src_isNavigable" value="false"/>
								<UML:TaggedValue tag="src_style" value="Owned=0;Navigable=Non-Navigable;"/>
								<UML:TaggedValue tag="dst_visibility" value="Public"/>
								<UML:TaggedValue tag="dst_aggregation" value="0"/>
								<UML:TaggedValue tag="dst_isOrdered" value="false"/>
								<UML:TaggedValue tag="dst_isNavigable" value="false"/>
								<UML:TaggedValue tag="dst_style" value="Owned=0;Navigable=Navigable;"/>
							</UML:ModelElement.taggedValue>
						</UML:Dependency>
						<UML:Dependency client="EAID_5E36D833_1A3A_486e_B93C_123E8B49C8CB" supplier="EAID_D90BD086_CCEB_4bc0_BD0E_A719D64F217C" xmi.id="EAID_F672D5B8_95AE_4eba_8323_E74F2735D4B2" visibility="public">
							<UML:ModelElement.taggedValue>
								<UML:TaggedValue tag="style" value="3"/>
								<UML:TaggedValue tag="ea_type" value="Dependency"/>
								<UML:TaggedValue tag="direction" value="Source -&gt; Destination"/>
								<UML:TaggedValue tag="linemode" value="3"/>
								<UML:TaggedValue tag="linecolor" value="0"/>
								<UML:TaggedValue tag="linewidth" value="0"/>
								<UML:TaggedValue tag="seqno" value="0"/>
								<UML:TaggedValue tag="headStyle" value="0"/>
								<UML:TaggedValue tag="lineStyle" value="0"/>
								<UML:TaggedValue tag="ea_localid" value="298"/>
								<UML:TaggedValue tag="ea_sourceName" value="Cultural and linguistic adapdability"/>
								<UML:TaggedValue tag="ea_targetName" value="ISO 03166 Country Codes"/>
								<UML:TaggedValue tag="ea_sourceType" value="Package"/>
								<UML:TaggedValue tag="ea_targetType" value="Package"/>
								<UML:TaggedValue tag="ea_sourceID" value="1732"/>
								<UML:TaggedValue tag="ea_targetID" value="1583"/>
								<UML:TaggedValue tag="src_visibility" value="Public"/>
								<UML:TaggedValue tag="src_aggregation" value="0"/>
								<UML:TaggedValue tag="src_isOrdered" value="false"/>
								<UML:TaggedValue tag="src_isNavigable" value="false"/>
								<UML:TaggedValue tag="src_style" value="Owned=0;Navigable=Non-Navigable;"/>
								<UML:TaggedValue tag="dst_visibility" value="Public"/>
								<UML:TaggedValue tag="dst_aggregation" value="0"/>
								<UML:TaggedValue tag="dst_isOrdered" value="false"/>
								<UML:TaggedValue tag="dst_isNavigable" value="false"/>
								<UML:TaggedValue tag="dst_style" value="Owned=0;Navigable=Navigable;"/>
							</UML:ModelElement.taggedValue>
						</UML:Dependency>
					</UML:Namespace.ownedElement>
				</UML:Package>
			</UML:Namespace.ownedElement>
		</UML:Model>
		<UML:TaggedValue tag="persistence" xmi.id="EAID_18A28F0F_0E64_4864_A17D_2E8BB81CB33E" value="transient" modelElement="EAID_3D013C27_C2CC_4052_8F57_6B447F885F61"/>
		<UML:Diagram name="Context Diagram: CountryCode" xmi.id="EAID_06F4C256_8783_46fa_9A84_D9AF5F0265B8" diagramType="ClassDiagram" owner="EAPK_D90BD086_CCEB_4bc0_BD0E_A719D64F217C" toolName="Enterprise Architect 2.5">
			<UML:ModelElement.taggedValue>
				<UML:TaggedValue tag="author" value="jrherrin"/>
				<UML:TaggedValue tag="created_date" value="2008-04-10 12:17:05"/>
				<UML:TaggedValue tag="modified_date" value="2008-04-10 12:17:05"/>
				<UML:TaggedValue tag="package" value="EAPK_D90BD086_CCEB_4bc0_BD0E_A719D64F217C"/>
				<UML:TaggedValue tag="type" value="Logical"/>
				<UML:TaggedValue tag="swimlanes" value="locked=false;orientation=0;width=0;inbar=false;names=false;color=0;bold=false;fcol=0;;cls=0;"/>
				<UML:TaggedValue tag="matrixitems" value="locked=false;matrixactive=false;swimlanesactive=true;width=1;"/>
				<UML:TaggedValue tag="ea_localid" value="1878"/>
				<UML:TaggedValue tag="EAStyle" value="ShowPrivate=1;ShowProtected=1;ShowPublic=1;HideRelationships=0;Locked=0;Border=1;HighlightForeign=1;PackageContents=0;SequenceNotes=0;ScalePrintImage=1;PPgs.cx=0;PPgs.cy=0;DocSize.cx=1000;DocSize.cy=1000;ShowDetails=0;Orientation=P;Zoom=100;ShowTags=0;OpParams=1;VisibleAttributeDetail=0;ShowOpRetType=1;ShowIcons=1;CollabNums=1;HideProps=1;ShowReqs=0;ShowCons=0;PaperSize=1;HideParents=1;UseAlias=0;HideAtts=0;HideOps=0;HideStereo=0;HideElemStereo=0;ShowTests=0;ShowMaint=0;ConnectorNotation=UML 2.1;ExplicitNavigability=0;AdvancedElementProps=1;AdvancedFeatureProps=1;AdvancedConnectorProps=1;ShowNotes=0;SuppressBrackets=0;SuppConnectorLabels=0;PrintPageHeadFoot=0;ShowAsList=0;"/>
				<UML:TaggedValue tag="styleex" value="ExcludeRTF=0;DocAll=0;HideQuals=0;AttPkg=1;ShowTests=0;ShowMaint=0;SuppressFOC=0;MatrixActive=0;SwimlanesActive=1;MatrixLineWidth=1;MatrixLocked=0;TConnectorNotation=UML 2.1;TExplicitNavigability=0;AdvancedElementProps=1;AdvancedFeatureProps=1;AdvancedConnectorProps=1;ProfileData=;MDGDgm=;STBLDgm=;ShowNotes=0;VisibleAttributeDetail=0;ShowOpRetType=1;SuppressBrackets=0;SuppConnectorLabels=0;PrintPageHeadFoot=0;ShowAsList=0;"/>
			</UML:ModelElement.taggedValue>
			<UML:Diagram.element>
				<UML:DiagramElement geometry="Left=21;Top=34;Right=103;Bottom=86;" subject="EAID_3D013C27_C2CC_4052_8F57_6B447F885F61" seqno="1" style="DUID=D6CC2BB2;"/>
				<UML:DiagramElement geometry="Left=278;Top=148;Right=438;Bottom=198;" subject="EAID_BC933ACB_A617_4784_9DC3_95EA2B6FAADF" seqno="2" style="DUID=28B20529;"/>
			</UML:Diagram.element>
		</UML:Diagram>
		<UML:DiagramElement geometry="Left=151;Top=364;Right=239;Bottom=410;" subject="EAID_3D013C27_C2CC_4052_8F57_6B447F885F61" seqno="0">
			<UML:ModelElement.taggedValue>
				<UML:TaggedValue tag="diagram_guid" value="EAID_ABD59516_16FC_4bb2_BCF5_115943ABBA27"/>
			</UML:ModelElement.taggedValue>
		</UML:DiagramElement>
		<UML:DiagramElement geometry="Left=566;Top=50;Right=678;Bottom=100;" subject="EAID_3D013C27_C2CC_4052_8F57_6B447F885F61" seqno="0">
			<UML:ModelElement.taggedValue>
				<UML:TaggedValue tag="diagram_guid" value="EAID_0739FCBC_2FEB_4250_8EDB_7C45039FE352"/>
			</UML:ModelElement.taggedValue>
		</UML:DiagramElement>
		<UML:DiagramElement geometry="EDGE=0;$LLB=;LLT=;LMT=;LMB=;LRT=;LRB=;IRHS=;ILHS=;" subject="EAID_CA706B48_6E2A_49a2_94B8_156DCD3DF718" style="Mode=3;EOID=A693CB40;SOID=C0376992;Color=-1;LWidth=0;">
			<UML:ModelElement.taggedValue>
				<UML:TaggedValue tag="diagram_guid" value="EAID_B2AE0A54_EFC7_4c47_A28A_521A828EEFB1"/>
				<UML:TaggedValue tag="hidden" value="255"/>
			</UML:ModelElement.taggedValue>
		</UML:DiagramElement>
		<UML:DiagramElement geometry=" 977, 494, 129, 443," subject="EAID_CA706B48_6E2A_49a2_94B8_156DCD3DF718" style="CategoryDependency">
			<UML:ModelElement.taggedValue>
				<UML:TaggedValue tag="diagram_guid" value="EAID_38044540_01A1_452b_B0CA_A820D4EA33FC"/>
				<UML:TaggedValue tag="hidden" value="0"/>
			</UML:ModelElement.taggedValue>
		</UML:DiagramElement>
		<UML:DiagramElement geometry=" 615, 851, 115, 281," subject="EAID_CA706B48_6E2A_49a2_94B8_156DCD3DF718" style="CategoryDependency">
			<UML:ModelElement.taggedValue>
				<UML:TaggedValue tag="diagram_guid" value="EAID_F70B50B2_A605_473d_B2B1_FFFABC4EA711"/>
				<UML:TaggedValue tag="hidden" value="0"/>
			</UML:ModelElement.taggedValue>
		</UML:DiagramElement>
		<UML:DiagramElement geometry=" 835, 882, 243, 186," subject="EAID_F672D5B8_95AE_4eba_8323_E74F2735D4B2" style="CategoryDependency">
			<UML:ModelElement.taggedValue>
				<UML:TaggedValue tag="diagram_guid" value="EAID_622F2FB5_0E25_4354_A548_212EBD45E087"/>
				<UML:TaggedValue tag="hidden" value="0"/>
			</UML:ModelElement.taggedValue>
		</UML:DiagramElement>
		<UML:DiagramElement geometry=" 589, 428, 110, 203," subject="EAID_F672D5B8_95AE_4eba_8323_E74F2735D4B2" style="CategoryDependency">
			<UML:ModelElement.taggedValue>
				<UML:TaggedValue tag="diagram_guid" value="EAID_F70B50B2_A605_473d_B2B1_FFFABC4EA711"/>
				<UML:TaggedValue tag="hidden" value="0"/>
			</UML:ModelElement.taggedValue>
		</UML:DiagramElement>
	</XMI.content>
	<XMI.difference/>
	<XMI.extensions xmi.extender="Enterprise Architect 2.5">
		<EAStub xmi.id="EAID_BC933ACB_A617_4784_9DC3_95EA2B6FAADF" name="ISO 19139 Metadata XML implementation" UMLType="Package"/>
		<EAStub xmi.id="EAID_D90BD086_CCEB_4bc0_BD0E_A719D64F217C" name="ISO 03166 Country Codes" UMLType="Package"/>
		<EAStub xmi.id="EAID_5E36D833_1A3A_486e_B93C_123E8B49C8CB" name="Cultural and linguistic adapdability" UMLType="Package"/>
	</XMI.extensions>
</XMI>
